ID,BlendProperty1,BlendProperty2,BlendProperty3,BlendProperty4,BlendProperty5,BlendProperty6,BlendProperty7,BlendProperty8,BlendProperty9,BlendProperty10
1,0.02255809689304262,0.30946784684469475,0.6776737493833035,0.3035026120841235,0.3176215569405632,0.63377513933503,0.7025358448153223,0.25518824338880414,-0.2737147948395359,0.35663517912381937
2,-0.4804579368875436,-0.6020848264745979,-1.1964914288051633,-0.14777285191389777,-0.7357258359451264,-0.06926133492338839,-1.1689798448432762,-1.200343443297411,-0.4418374342995854,0.06328895187716804
3,1.4986790069527753,0.9349197582985067,1.034846757685863,1.010994376396706,2.330380904308442,1.6697837103796112,0.9961242673105262,1.7524742937257956,0.1726503801315005,2.1126988097924415
4,-0.3801565958207896,0.1652675149129404,0.5227873382778944,-0.4047956293016138,1.922673158390425,-0.24093916278365937,0.42599894409422034,0.9045340813340581,0.6562047162262212,-1.0305836319325297
5,-0.010510241567547724,-0.8016501114990667,1.070322116988391,0.3293498956932972,2.505725681706939,0.1949739065147974,1.0195041706844368,-0.08498005439197232,-0.6716820028872917,1.1051813774020938
6,-1.481840582315003,-1.6728782963771298,0.3597805836692359,-1.4848355014915062,-0.005399469722122731,-1.5502710682673,0.30009376845357516,-0.024182198013754073,-0.8371305810641024,0.07497317422952395
7,0.7757399618761674,0.37916137537810246,-0.0990861789998816,-0.05646605455130255,-0.10602641023725506,0.4662304729924905,-0.07041567951014584,0.06453649124929249,1.095367006769888,0.2558608155376615
8,1.9003247703928206,1.0775019620134163,0.7602693018192956,1.3538024722613105,-1.4982761599466003,1.2633314993444922,0.7117489300067056,0.8188561783607593,1.520816861141409,0.5696845411114078
9,1.285029911789412,1.1340966268000918,1.1475283401898053,1.802143689934297,-0.5334152904050237,1.1988900866788332,1.1792760684156636,0.1457536034760582,0.9150960946008315,0.7218303254048051
10,-0.9656672017636166,-1.0034510228237294,-2.1673642144304304,-0.7879426334973807,-1.1366653028828273,-0.5661633204964736,-2.089784034728473,0.12040714778029732,-0.6962367037916959,-1.0922693060397806
11,-0.13405970670200498,0.30111515791609816,0.8598440536773811,0.413434993818549,1.6608541919199862,-0.16838965246154045,0.8685400615139327,-0.0808252143893038,-0.8411819008788287,0.8775463618912653
12,1.2823411465796026,0.5298449996490175,0.8162553124553988,-0.23041720301365518,1.1099834339622545,0.28335006574527527,0.7262015946667446,0.830507119894103,-0.323125496604898,1.0189214043284116
13,0.47310615241415654,-0.16350259253602437,0.9109789151136357,0.28634697821023075,-1.3361329531545432,1.9611803809952777,0.9229927268731415,0.7784830209657765,1.188952016627021,1.707957611352305
14,-0.3562588350224014,0.6518885796580832,0.4909312507218037,-0.8318133371873706,2.4979634873723646,-0.5099410215387152,0.504920833196036,0.23167416581237815,-1.006852855122681,-0.47875579527260237
15,0.6786386383341347,1.858262676228053,0.6383152093537047,1.5803832921838985,-0.2242714305459487,0.556164404601947,0.6079366730296343,0.8398188336545906,0.3512395544024963,-0.7216524984070706
16,-0.1390219288457153,-0.7199483139907289,0.756265662834489,-0.6674488284021606,0.5566660857686191,-1.029544906037048,0.8457355114626414,0.015205106419760538,-1.343041975706666,0.18407874221063833
17,-1.3592459529794805,-1.269799697251873,-0.1271949418390893,-1.596167736249226,-0.7227098856612141,0.07644821360468809,-0.17144408764885782,-0.9226252894308041,-0.2517357595074148,-1.0115819490729443
18,-0.2003409471222133,-0.2646422647530011,0.5509655738905469,-0.2754736650931489,-0.013811681361631009,-0.1136938131631431,0.46804875159392456,1.0743100817314168,-0.20863133998354777,-0.9990103413752551
19,0.1623981298335919,-0.17306461446237945,0.9401339306351001,-0.6082632215697987,1.6693011432840223,-1.0430314572861388,0.8891956862681355,1.2585818866526555,-1.387381590158292,1.5478857266922401
20,-0.38483732999561,-1.2646202180579327,0.5426070741956087,-0.8722774844214823,-0.7591038064858994,-0.7478882143882603,0.41774175673797476,0.3546392612476943,-1.2023326283089006,-1.4707336919563558
21,-0.1684957560904153,-2.087272923374675,0.3369226274915556,-0.8804179236972016,1.8179317957137,-1.8023859660330228,0.2947727361283754,0.49954928385343456,-0.7531981929589332,0.6079217940603714
22,0.31469745627391177,0.746464115649346,0.11852022321034889,1.5526881906572705,1.168093310854343,1.6585374973716704,0.13484689859797797,0.6038366755126504,0.6484602682474945,1.514120162935877
23,1.2255786038468777,1.2341294105094749,1.0459652957242767,0.9360916493441205,1.4322814218840325,0.24578206410294134,1.0351185299204968,0.782476469400992,0.21524421903280974,1.3843546922456078
24,0.1266007364742768,0.6593610988575703,0.38742672510760606,0.3574331926038069,-1.0849199510380538,0.22867115162929932,0.34617319390129625,-0.3927732512545028,-0.030050491522876262,0.08944091044129668
25,-1.3157339049794388,-0.9911148122082942,-0.034906516678519496,-0.742582420664665,-0.5327979174294292,-0.27137499666552517,-0.020012459481035538,-1.0533722786470514,-0.3347992604617135,-0.010151623401224368
26,-0.33562113573209507,-0.20175778367840835,0.22614648973508303,-0.7217807699337143,-0.3096132069617278,-0.14390607414556966,0.18162768633613588,-0.86456659100412,0.2575758060350686,-1.4243667886384428
27,1.1326628860277883,0.5931906264471689,-0.0674815113737895,1.637032894093286,-1.3091910302729313,0.3010031941659325,-0.03725499560117452,0.22137391257174688,0.699091104276193,-0.9810486754833143
28,0.3197632501842819,-0.30086442486019366,-0.3200165910824564,-0.5681488617666526,-1.1898006468147062,-0.10579274679765717,-0.31267776865845,-0.808765966385381,0.6946823898701343,0.7442841515788435
29,-0.9587031255286311,-1.3570537816458537,-0.10126917097497994,-0.47341327091695934,-0.4354685616134613,-0.7402564439751319,-0.09171041645886142,-0.9506756031221009,-0.44292243804909276,0.21094313699110162
30,-0.1896761217723859,0.36444545036629905,-0.7281146661486293,-0.685720783414606,-1.6443279315205361,0.4209033173627059,-0.7562471964698548,-0.5439018341699959,0.06206408538917843,-1.528022442285066
31,-1.2421308617431264,-0.18316086778208054,0.06510865444967123,-0.41175067725797093,1.1721515137669472,-1.0606238605434604,0.07835737104578377,-0.03874939935795372,-1.7676402291581332,0.34755570734688646
32,-1.1554487666189135,-0.38257627407627576,-0.12602534308422877,-0.9889060721209065,0.38539357765393584,-1.4061051456504041,-0.16663446497307471,-0.33765235553292416,-0.7398289298962892,0.33284233830428284
33,0.776252676971121,0.6276149922157702,-0.46063052281705147,0.46683300748751655,0.13744683916770342,-0.288798824850011,-0.5177446091705394,-0.03904903106210654,0.2634661183511724,-0.2621879073138815
34,0.9439607072349079,1.0476388815298432,0.29730241783838834,-0.021257647544368912,-0.957761334676562,0.2870940510089223,0.2976189073008793,1.3062711483823524,-0.14959814219047837,-0.5016802926324002
35,-0.776756485778385,-1.202229851473953,-0.2341244701879629,-0.7598295750208272,0.11672826833416439,-0.48750948603967137,-0.17852734860670258,-1.0751367244466086,-2.0888033913602975,0.29418660930720786
36,1.6936050039447044,0.2904094926859298,0.5999977265854284,0.6738103577132858,0.7747613379191608,0.5410627038236511,0.5213590007856551,1.2673630875122506,-0.48374582297139207,0.519184211470263
37,0.13960675863883662,-0.1551385021664496,-0.8173167383625838,-0.026619068520233383,-1.259503946723431,0.20116174737725528,-0.7177117533002607,-0.31674312320247544,1.4811841291255372,-0.3335219680552359
38,0.2701227219358208,0.899026612807914,0.34977147459298713,1.286409980374743,0.2999366260695699,0.5860388457260717,0.3824372082512314,1.3531290688810821e-05,1.0600131081071966,-0.8855867564417315
39,-1.8489606576112547,-1.4620910208632045,-0.1970452020369813,-1.4932760911930167,0.23553312748920593,-0.039493960753117154,-0.19902524109141193,-1.5530467642666888,-0.8158840461272666,0.14772890894883248
40,0.07224786761748979,0.7716943508716084,0.6012729437897657,-0.5880552858962019,-0.1854003699728292,0.16056818966326364,0.5588745187271245,-0.15647286016634054,0.7726138767662908,-0.5610641401339059
41,1.7375915906659836,1.2472367309066954,1.3732251613488542,1.4899241363228202,2.1798685041709667,2.1661221341985657,1.4025348922851095,1.275106908478213,1.1161204400395717,1.7118706899397846
42,1.8105434852408604,0.4738420697174708,1.1494564957528546,0.6590266126554445,-1.1722308433298467,0.6556541324217242,1.0328605659777268,0.9530595215345024,1.3078033798141755,2.1345430497381104
43,-1.6064944067816385,-0.3083818090065729,-0.9600143040383529,-1.200373526506381,-0.4913095907476399,-0.5962066233591229,-0.9634739155745395,-1.6717190134796303,-0.7674731608892575,-1.1672431217765997
44,1.2731924692871117,0.26579787937240723,0.2779516535816204,0.8439411859073728,-0.3357975768557759,0.5016027636350519,0.2525653975979289,1.700853935164977,0.23456232715647785,0.18674475995915113
45,-0.5727675598346655,-0.6700495553034556,-0.11394296503960503,-1.5744023176786452,1.754869432260557,-1.4247255952437592,-0.08848350073494458,-0.2414132395597809,-1.4513575743241467,0.40787465634885145
46,0.6480968267022803,1.0600345786493812,0.5769257595553016,0.42847416581568554,0.7643775617119474,0.7662894755506492,0.6404978032148048,0.2262161266356221,0.8301918493280246,-0.9278025730323717
47,-1.2049290224064955,-1.7096531957503613,-0.9242170664092259,-1.193076999379681,-0.07966238309515662,-1.8904929425919037,-0.9616407850253602,-1.1716770826398397,-1.9562322511537935,-0.36949359406433985
48,-0.14810872483558796,0.16735819362044216,-0.47495692758907376,-0.026610330401591147,-0.4512859078578288,-0.53308491126457,-0.433926248738752,-0.005272091758845664,0.7092009349585731,-0.7343151436232517
49,-0.34026618634519507,-1.0431950432241672,0.5673197722407793,-0.06769778118283247,-0.8823291708404334,-0.5297820538822415,0.49584844802440786,0.0050541884170176325,-1.415620404650646,0.12662265166026435
50,-1.7903660174541765,-1.3829326427790927,-2.192042673015514,-0.8623561829855331,-0.5450047876991382,-1.433336020045857,-2.1681027081549646,-1.7233887492578874,-1.7660013285442038,-1.8224861211627326
51,2.0291319454147705,0.8798852633709624,1.7125107852902939,0.7214791248745225,2.291173421989386,-0.46378778707274304,1.8166482771912857,-0.18945027245343993,-0.43511176530283685,1.949368246020149
52,-0.058719579068706874,0.9121102871550496,1.4200610919154135,-0.3444094545868677,1.157595895407668,1.196837415130127,1.4818700945483518,0.7759254583556953,0.7802971909596589,-0.9378918734171089
53,0.08809800639587202,0.0375370771199154,-0.3516325267465784,-0.7070993132105731,0.03766257001305732,-0.572641089242295,-0.32319404318881867,0.4793938258944778,0.47960533570156444,0.27393628433967
54,1.3841037849498043,0.6280278780682284,0.1902791703103005,0.5790884946164543,0.7181987624792489,-0.14350912225229986,0.17619190910458526,0.655114382124234,-0.7057140438482398,2.1076072436655346
55,0.48618943460042585,0.6903457689948277,0.5773548077428832,0.14354348144267884,-0.11559843604764096,0.9751240998678192,0.5150416250330528,0.06902821344895883,0.7514231443016971,-0.3313546288760849
56,0.9397046637013858,0.17906150905074578,0.5178371627366931,0.2208043266895026,-0.08316501275462551,0.5564496980434518,0.5411219888655736,1.0815913948987341,-0.253586001862669,-1.1824909145874969
57,-0.06954573942041271,0.15513206469205232,0.34301010191024506,0.17508531556933637,-0.2559559576637479,1.0976561495777197,0.3471621186606068,0.11550577101901972,0.4201401041421188,0.6058461456514899
58,-1.7363566986283578,-0.906049150884753,0.5066601636826037,-0.37472489092926,1.323205052073576,-0.709995096505747,0.44278617528827974,-0.44355455633669666,-1.9092543286831223,0.1171929790663278
59,-0.3029775436649444,0.4738818301726507,0.33979049008209244,0.7043678234005856,-1.3001854186702986,-0.3360906255863065,0.296076075481337,-0.19673230698757227,0.5064830496510451,-1.8747654192172534
60,-0.9256663605704576,-1.5776837067242662,0.20792574959287324,-1.5210318799393194,1.5589289361770773,-0.8391637154351081,0.19322645077011907,-0.8691211524460264,-1.0946068138490426,0.7127815357394344
61,-0.3485840039824429,-0.2080827798942769,-1.9208990763584266,-1.04460722718005,0.023263733933652168,-0.8019968084486011,-1.9272672154202195,-0.47051476933293246,-0.33067012397784706,-1.2146288837019361
62,-0.14575549788224226,-1.1536415990831212,0.03840721435973032,-0.6327140224949883,-0.9465272466438498,0.4878959041053283,-0.039470244988883414,-0.8904168732892669,1.0677416176611072,-0.8590319273143037
63,0.9914102049556328,0.28566947343358196,0.6306836640937441,1.5616488860644866,-0.24390659255653507,1.2583669159533488,0.6327485876775835,0.999402915221018,1.1438768761727673,1.1554760936880042
64,-0.35851229937076196,-0.46869784023711064,0.4945251257521855,-0.6887016953288525,0.982200606997528,-0.9971666448881058,0.6335827616426862,-0.10606605656303124,-1.1005121642206401,-0.12797668118085714
65,-0.5318720572048606,-0.5179891837516416,0.9620956187949289,-1.4375934425105221,0.16411323495291685,1.2496103303436779,0.8782929967146411,0.5489659578160141,0.8076963552896353,-1.1423308384695905
66,0.5208892975691505,-0.3474403736500956,-0.16331085295568895,-0.6551875313985811,0.7544201712024563,0.011308906814298053,-0.19991844195927683,-0.4016498836912317,0.45598167667917056,-0.3105010983130276
67,0.9506528312223675,1.6344427799828145,1.0119718941574323,0.4215920962538011,-0.1403201464556952,1.3468001314591427,1.0865011740990569,1.2972488558843887,0.853375092559415,0.73509027183964
68,-0.903031532080281,-0.6915958450068835,-0.7501884273172847,0.15595946381410944,-1.045548836361826,-0.5950872699027921,-0.7343603117244406,0.0799671630324542,-1.0735139645896166,-0.6953322020134256
69,1.4974332910550692,1.4552817332320598,0.67102204717528,0.9168586419649916,-0.4980502159666416,0.040996173912097915,0.6416552381558853,0.9305510217406271,-0.023313350311244662,1.7552490717655105
70,-0.12942866249484977,-0.12950420193731865,0.27979623685297883,-0.23134738320377726,-0.3082738936863838,-0.7770661186586328,0.2738643779457036,-0.4418132291331616,0.12956323576590265,0.6106911985436119
71,-0.06007655384782368,-0.08791191523648381,-0.08263046112846154,-0.5633637886222614,-0.821713292316003,-0.5971514245609544,-0.03987953629470245,-0.2641609050285994,-0.5560055214261648,0.7337484908534198
72,0.6011493986231687,0.01773222978336461,0.10776608824894607,0.7841293309011093,0.2509473160355285,0.873425984649415,0.06901720495650612,0.47642511031390505,0.2645875564731385,-0.8305450380060839
73,0.47661637907463555,0.858203672054756,1.6291485232985703,-0.6274234719472425,2.7443134963196063,1.1039288987355196,1.7551784091624945,0.5822132338740494,0.0034755465297110857,1.5051006760906196
74,1.4971176259995405,0.8194996165785143,1.1289980623449103,1.137530165007665,1.4747000456932045,0.207831418708709,1.0415763278288623,0.8600539246181397,0.35540542259397573,2.143858341291798
75,0.881048185685746,0.5573073175299186,-0.010161948975645775,1.001853438803411,-0.5433262125464321,0.13871243238786857,-0.031659133368640534,0.6714271003031468,0.6406436073280132,0.33733091460081543
76,-0.7723547240318018,-0.2293423460031501,-0.1674566033730448,-0.2401606709318629,-0.3064618440693834,0.48917835060968207,-0.1771838502141779,-0.5558057932139698,0.04999809747651857,-1.0525538048314673
77,-0.6333966389191373,-0.0016787597953840236,0.7126519276003532,-0.6848450603356429,-1.1073249784486312,-0.39160696775806564,0.6801094888960837,-0.5798420648425906,-0.5628802153406675,-0.7994439230892972
78,0.6518661268827884,1.0316907711585843,0.9117239767822727,0.3237037162639912,1.0725803450089786,1.961564569520616,0.9300407024276041,1.8117579051703943,0.49167270915058403,-0.38477109050805586
79,0.9578172886686573,0.9349954569944169,0.347532203076853,1.1630605882907843,-0.653268900321511,0.3677297071868203,0.2207265999530753,0.9167364666967402,0.8926618492760746,-0.02310493419928967
80,0.6754725621340734,0.523027822198701,-1.0308054152696222,0.2080762529532295,-0.7193100276598993,0.5561035382558243,-1.0266771154125187,-0.1842490961002921,1.7703961647402666,0.6660629609162206
81,-0.18503809655537545,0.727310111813062,1.0212453779428268,0.06401291812438775,-0.46569708542793603,-0.48533862940590844,0.9333681429471216,1.125335700455174,-0.016071582419636164,1.262301381660063
82,1.5147282486455542,1.080628038839526,0.9672009282390298,0.024727473015859716,0.3742175816826919,1.1566366061432873,0.9635309644071792,0.4293608574994584,0.6108159681620039,-0.3744510432545126
83,-0.5040569431043352,-0.3324472013411292,0.6193318024489046,-0.7618933558932124,-0.7887484590404533,-0.2586454483339278,0.5072201749382153,-0.06466886440397758,-0.4320077399568713,0.4193704459669397
84,1.021191403743539,0.6171199288283554,1.269666196195125,0.6012034615184636,-0.44701570961303316,1.4087254596432406,1.3406836595726885,1.5372401439804126,-0.312513766825787,0.5412198642711403
85,-0.39140404224320346,-0.4321375992562251,-1.4028798451370879,-1.2322416079111458,0.042015017330655206,-1.801684998654492,-1.3878214464383394,-1.2580460103217972,-1.0002548093578107,-0.18215392223649332
86,0.15869586557917054,-0.7021309366749438,0.8374629181709701,-0.18875958612689867,1.1591400045196731,0.09343586563564955,0.8309215495948477,0.2653529419503711,-2.107707052589224,0.6548915372009841
87,-0.9721131526002649,-1.0162355729206365,0.9240476479132422,-1.1247965051318563,-0.025336433040976897,0.35577224974998745,0.8952105913560751,-0.5712029055727421,-0.3864538938328034,-1.3074360483031302
88,-0.9361490756356076,-0.041303541785887854,0.2291725248928903,-0.6944649758697552,-1.0904073937415488,-0.6096882839700695,0.2559495768456938,-0.0035601406441499446,-0.8554566267876058,-0.5632047475672909
89,-0.1419882129680728,-0.47838302081604234,0.46240985529612744,-0.4863257083294172,-0.46245863502897566,-0.7260847963078196,0.44534108794340904,-0.9538817737523217,-0.6431079381835199,-0.7103757419099607
90,0.37858973246494637,-0.7132155686674486,0.7295092840986347,-0.2367955773414223,2.0122268179676897,-0.5626856787220307,0.6946516749892181,0.27968694638183145,-1.3161498784999943,0.8444860064171001
91,-0.17157916311236643,-0.650221099269455,-0.11754221944079601,-0.2657985574212867,-0.8969177707655515,0.013041182613687396,-0.13107493279247306,-0.210194228083059,1.0967120961458379,-1.520133290721092
92,-1.5238681108233696,-0.48708274762825116,0.2877067228369935,-0.8457972401650342,-0.502450361895786,-0.7599275921460221,0.23511139625883645,-1.4443214130618842,-1.182397856597175,-0.7682050964148294
93,0.3029273630542923,-1.137660281512451,1.3982481046398993,0.7915600404539685,0.6534728174016735,0.16438126471512526,1.4763351626043637,0.6268191955887846,0.13710870431200423,1.0526091707521175
94,1.8792532593133693,0.7042659302578231,0.6488581632146072,0.8775308503727747,-0.9666491924119839,0.6388144393677624,0.6616173460571603,0.6859485350165472,1.1789326416978685,2.1965454318877966
95,0.9874248602000811,0.7548121943299655,-0.18517764570002315,0.4426429905892939,-0.23812994704909593,1.1181784284135117,-0.17739969075902143,0.46281884265115586,1.766898489231453,-0.8391852944772799
96,-1.398875692994364,-1.0561198752623717,0.01899078986925788,-1.5252325374855715,0.7118170796353369,-1.843626640990628,-0.012484712018725534,-0.07384073494967443,-1.6644312947367204,0.08194643646568281
97,0.38889418296838857,-0.05138007071243214,0.0712929552919843,0.07015958514735961,-0.169728106816281,-0.24435887029672454,0.020696612475193756,-0.20651909581704508,0.14831703182601927,-0.7378350394342258
98,-0.7440763323036678,-0.3466782874527032,0.287277217754361,-0.9045456739903535,-0.9562467311447742,-1.2339637635289167,0.20728919604099189,-0.2611579083237096,-0.2208054402724413,0.19827656007530564
99,-0.1777943178064899,0.10117424927202542,-1.6438489498741937,0.015138393307530999,-0.043232900053319964,-1.1572297143016785,-1.6644938189631315,-0.5252650310868802,0.04522195785729051,-0.8750805232319511
100,-0.4569633383774805,-0.5647592414735856,-0.35218398912388155,0.5074474610808586,0.6815567454591281,-0.10760765014128276,-0.3589185413476248,-0.323490136538191,-0.3882262862961059,-0.4141779282185893
101,-1.335278666214093,-1.6505928095975706,-1.8060470077126838,-0.9804299272154973,0.4510918038854034,-0.8169026575170307,-1.8009923863347082,-1.9113981607026955,-1.348017373793619,-0.49677147717031245
102,-0.7352093101001486,-0.8491121944628093,-0.5212678554085627,-0.6464019937198376,-0.8107700097713065,-0.04946716062660845,-0.5139197808760688,-0.4885802146135361,0.0035710625507142896,0.25857087891754693
103,-1.9236014112441209,-1.546568234634702,-1.1259822457656155,-1.2980274053800414,-0.857354817712915,-1.217316335328292,-1.1156801987046325,-1.3995608042236938,-1.2317161885905843,-1.381060705834079
104,-1.0426944238237053,-1.3124682182416318,0.8477247803173227,-0.2793393788951327,0.8102325585513662,-0.23387241235314793,0.8392662014006,-0.7148501764168522,-0.2690187828099713,0.07481481419013443
105,0.6023283365219771,0.15786854629056646,1.0209980941540568,0.5418992919562572,0.13455179269594572,0.02426666389499456,0.957646748463832,0.6154818730379772,-0.9627370481060239,0.4259784009205606
106,0.521777974385385,0.9794152337230533,-1.8832352667459904,0.28518743496271853,-1.5129754848732937,0.5015941226790904,-1.826163478654638,-1.0285391662447045,2.059370205216407,-0.8925705180451798
107,-0.728148137758958,-0.8126587744592213,0.061953577734170186,0.039644280876175164,0.3601499654363456,-0.42270568625596866,0.05354133340840568,-0.14199626446824626,-0.10988039642061796,-1.0362842370074037
108,-0.8065823575552309,0.0734927660494024,-0.10919833776989535,-0.7983014565291298,-0.8121738689638441,0.39978415766395625,-0.12761713422301402,-0.4601972826701561,-0.9948875671473922,-0.014148379235344049
109,0.2888057565558235,0.28040694928633086,0.6884834427114642,-0.1359958881784581,0.6224568888550533,-0.5322145598349447,0.6400970963380026,0.06800834618238483,-1.1821055641397031,0.8345136482542718
110,0.584767306004459,0.27807620535900535,-0.8841592704884434,1.025866808756159,-0.4548753574252012,0.2859480275356377,-0.9293821381097854,-0.6276934958370435,1.1394254561465067,-0.615838890648197
111,0.15579600708593996,-0.34797869813283416,1.4560495985437472,0.41513224926923276,1.1608079487281426,-0.5456855331831347,1.4412783209665758,0.5817599061159374,0.07003604323788984,1.1561101036054886
112,0.7341078564620926,0.35893237249179083,0.4258430824864911,-0.04194871051535549,-0.24988213960292982,0.23560328072030873,0.46012626348457975,0.9479796136248173,0.6833921395329534,1.3046218514952903
113,-0.08626408821507696,-0.2818712381737583,-0.237734531656528,0.23568651439914218,0.18908500634696182,-0.5130001440247736,-0.2569167694325035,-0.17663225052973308,-0.26492916609376954,-0.642864928098139
114,-0.40179682946282413,-0.803081486612519,-0.9617807605466463,-0.661979141073389,-0.8124806373770975,-0.25447982273066244,-0.9206276232262355,-1.566212610858016,-0.10921978615225236,-0.179994169119867
115,0.8578100234324342,0.16295202502130826,-1.3463867191494394,0.7188401586444672,-0.4133355151356462,1.2467717664894482,-1.3500766920908367,-0.043578961504558915,0.6724107766783857,-0.37206195989467267
116,-0.6665597510380259,-0.2958486258711093,-0.6707208710956621,-0.2210361385578716,0.4452154856382542,-1.2538169430937733,-0.6604482908290945,-0.35681627424444856,0.2997273101942931,-1.1364634108024072
117,-0.1913903079734825,-0.48399498046598627,-1.7101943372309676,-0.9776287500338476,-0.7896890553958655,-0.1520274390719408,-1.6328516022356985,-0.8087674157142754,-0.20077718342934817,-0.5507013226034059
118,0.006615128450457971,-0.17115624903380236,0.4384623993605866,-0.6301093079908362,2.3086802462332945,0.6286157723951621,0.4408587671239243,-0.19335822073834888,0.4365031928872529,-0.5660491331309994
119,-0.3727269464733469,-0.7617798925095064,-2.087110501323509,-0.03692944065461888,-1.6496302717079852,0.31253417590128924,-2.1022664612935715,-0.7718579471818988,1.1702699898356805,-1.5485827408944697
120,0.9445293008796929,0.40388484153490545,0.2542615089706455,0.9139968290608809,0.2738928810553173,0.4555796306427823,0.2672736049641177,0.333490004544166,0.20777677259698987,0.7761492851694496
121,0.16759047847719616,0.12219828220840692,0.03455056518020039,0.26059702904427035,-1.11288441665796,1.0786923425421697,0.00840305642370953,0.3782590094394682,0.9158959437158357,-0.08869754362647099
122,-0.5073184344405369,-0.8856744657726575,0.3311639033246493,-0.9881865298165622,-0.11870686948216766,-0.997454693210957,0.34781919274530093,-0.6076130670749311,-0.5167639696229571,0.8056718547665908
123,0.12344506905032063,-0.4000706027729509,0.002305488258369061,0.4271608969923775,-0.21090655535097216,0.3041638071562581,0.025826918085978704,0.3222887345734387,0.2907455074192618,-1.3062223217847788
124,-0.6524877343861227,-0.8855274263188352,-1.247583152195959,-1.0764864430003998,0.13353492102533793,-1.0885514712951159,-1.2410268770847541,-0.8585168907713595,-0.6799650864968925,-1.0454644971573435
125,-2.0215917579631073,-1.9574679185036699,-2.3367341180867944,-1.872882141627665,-0.18348391301169095,-1.8884273258158464,-2.304905342317929,-1.6050107865299004,-0.9238570025457771,-0.3792628390195097
126,1.151474151609019,1.2106274295159691,-0.0018782616454300178,0.12715459317284544,0.3837346137412805,0.7344020686540382,0.0845712744246763,0.3672920710227209,0.5365738362744878,0.2864430983390667
127,-1.045524053083712,-1.3979880244190708,0.7868546313804355,-0.1138242456494042,2.301156290241621,-1.540637897897483,0.8005907685578496,0.35986242405144536,-1.2378919291487425,0.11977417191933516
128,0.23766836115779383,0.36428532601064534,-0.946697036653091,0.7304592709294038,-1.3061846705608073,-0.6899292429032512,-1.0496991522946764,-0.4507309250655895,1.290492997473886,-0.9797822217523785
129,-0.33054139615948913,-0.83436198891032,-0.08142052110309426,-0.7280720779943902,1.842310148911972,0.2938279718984525,-0.09279568749717021,-0.5270378110974033,-1.180214937665225,0.16200846236049707
130,1.2244760910115222,1.4808757534539287,1.4336967364412907,2.393223923381023,1.4464497924165645,1.650434259821555,1.4835571454967984,1.1203599784015554,0.45354799861096473,0.3270036254635665
131,2.0795747377947738,1.4572699914393148,0.8608989564556933,1.647650947572285,2.523777360955227,1.5203671634786924,0.8793239197570473,2.1463148059369135,0.9075613931874287,0.22123501145965174
132,1.6083256126870455,1.4323511201137709,0.6904043116966534,1.9913607196256793,-0.8512634617050941,1.025790987829539,0.7417062748998863,1.7681274279537118,1.9686382038444816,0.08993788075082189
133,0.7321021633151863,1.0347943319181636,-0.9057291275565068,1.4083478888669843,-0.5420721225426626,0.4596479218577899,-0.9076113507395759,-0.36014662831725497,0.40736324781039984,-1.3148670651501793
134,-0.941548721513449,-2.0059026414089445,-0.0020693867512033325,-0.8870022186575207,1.4938290250751851,-0.6950017251757445,-0.002020903576500661,-0.4850518554731792,-0.19362212197394615,0.39687593132172594
135,-0.5257357971034569,-0.1385763248166588,-1.3585513781835368,0.33856243260964425,-1.2073075577603163,0.6501204429587435,-1.3554566083173933,0.28173025354189934,0.5754212280719749,-0.2961646864699949
136,0.5801816150399651,-0.19096451028405895,-0.2768292422543523,-0.1572372988298183,0.8898395958307425,0.47245093318580283,-0.2597071709179034,0.24787026015473226,0.6449957127200213,0.42834917326553273
137,-0.41093492382910196,-0.5082105774958366,0.18055868202314673,-1.2606021547726904,0.6701766254156865,-0.2963807119971145,0.25581736231809193,-0.3335966815076799,-1.489792444495447,0.6583150892171776
138,1.4626857490546634,0.1921996326355729,0.3585116887254568,1.535665551833336,0.20009901069567287,0.3967391264584314,0.4059983012755959,-0.18746907479264724,0.7705027412904584,1.5303881469249685
139,0.174997109216774,-0.7078040703018774,0.39362450167125856,0.32188458327689995,1.8299210673645352,-0.8487321184036583,0.3354951752612582,-0.22996601227725375,-1.2993485998812129,-0.31479510363818236
140,-0.9852260016764289,-0.31325606972392167,0.9174117144782646,-0.7265003091488506,-0.12507932276415576,0.9927493717870527,0.9462612712225763,0.6122043328207583,0.4103748078542388,-0.22127279442482473
141,0.4576401700869572,0.38939271660388614,-0.9413164523740598,-0.024013101935969765,-0.33667240162727474,-0.7414470436393392,-0.9968288285012719,-0.27951790918311736,-0.3959620876244319,-1.116615626192602
142,-1.1937737095760994,-0.6642645422458415,-2.0346487490852305,-0.883982361291597,-0.9088952857957666,-0.3432329325367407,-1.9958202257959858,-0.4714346219546435,0.07447569249049268,-0.6330355063825862
143,0.9470170535679098,0.9750274581057116,0.6516889458346309,0.9574162708459806,-0.8941704240328664,0.4136248914586656,0.6503475863016461,1.0098568764399842,0.7839094176958252,1.033257448056579
144,0.12361907648730185,-0.21189332079070353,-0.1161849747306214,0.060364095268736755,0.4580794901506147,-0.007878130318081548,-0.12330060235434574,1.0722859845715538,-0.5843673053736242,-0.47720671143374144
145,0.8494511355307637,1.0330921075849977,0.5779072066034988,0.5343067446964277,0.0013388633580291096,1.0647760969084492,0.6704384158971768,0.23680821415609327,1.3659295108942562,2.1457253039109956
146,0.2547588189542214,1.0458129562956,0.09839027427038093,0.33926578314227923,-0.6359926857726191,1.6693294800600857,0.11256682248296741,0.22048183188974027,0.5980001240912277,-0.03830180037235072
147,0.21688496090267326,0.6326645400607631,0.11556022185158513,-0.3477399659488549,-0.34240334452667875,-0.03687335959479939,0.08397438604414659,-0.4836376568333822,0.04430627942655184,-0.2275157748430108
148,1.2835647801389396,1.103514832405446,-0.1662338505369975,1.1722288859400618,-0.16743446410917615,1.0788516008865499,-0.1591730079314738,1.1800965292502759,0.746636679958846,0.34680735887861186
149,-1.6816186181562138,-1.2804947166746428,-1.5776838456540658,-1.3602099546089288,0.029464911187024764,-1.8209671229473405,-1.5729720488404764,-1.5927252088699468,-0.21896306037826577,-0.2667176260657532
150,1.1932758588351033,1.2598859902096526,-0.24304676613181714,0.008069017550637263,-0.4910757446403007,0.9951668601266936,-0.2592927390158535,0.30550080807699237,0.8255117631049598,-0.5321252118400784
151,-1.2593978230102043,-0.4762480913126345,0.07450659390352739,-1.1940812508863237,0.615641131101592,-1.479023351288616,0.061758748256164925,-1.1769365760218595,-0.6231017288227283,0.3341551884130204
152,-1.0058651162632324,0.10916061891606661,-0.09747350385968531,-0.7243836849477688,-0.23629933476913534,0.057237126813293744,-0.16124946193875178,-0.49463503011966803,-1.413395978802619,-1.0033691219789238
153,-0.2888981251316838,0.34457723616815383,-0.8783866219220743,-0.5228392562506191,-0.48080036794102166,-0.23639568008857462,-0.8747299979663317,-0.6936385276103502,-1.0068792029867983,0.8605021513008373
154,1.6022886261557872,0.6374472439852347,0.726105573418889,0.9061412604598434,-0.32303480261733314,1.325599665604672,0.6628811480640856,1.5250766610363737,2.2647181647290187,0.3470076794188934
155,1.2162839161930266,0.35647468065824384,0.6216128993973244,0.5226563578314245,-0.8184499126045676,0.38243060939813495,0.6012787590630875,1.259884419654093,0.3995721856134935,0.6527677324199698
156,0.9595593181357002,0.516657509603081,-0.764774952932459,0.5098880202002665,-1.2829381949176442,-0.14916885622243595,-0.8566297192542736,0.44893355417123126,1.5142566033310347,0.6486074722530798
157,0.07249155950922581,-0.2558935766888009,-0.2639851697954175,0.0633396128195367,0.4227941602987214,-0.5935763126284338,-0.2378751397882027,0.41244196101831543,0.17364981756582115,1.1483354029751243
158,-0.7399465032329355,-0.690598477752507,-0.05988641355949316,-0.3146342776285811,0.020617859496496613,-0.02194350289670128,-0.045445951406547294,-0.41423205444643824,0.5476460657016488,-0.18088467131627262
159,-0.04947590864345178,-0.23108450728332128,-0.14974358011335354,-0.2559804581204089,0.6926550103322905,0.3202275796365168,-0.2122053543839685,0.5261982480115948,0.16072056584226174,-0.42964630188429953
160,0.8214438909618438,-0.03186580787411501,0.4233550611261822,-0.25456132375582174,-1.3131336571824586,0.38160184182923235,0.4893371324856117,-0.4341507752023411,-0.831474741052209,-0.6487219118405603
161,0.6334522967254217,0.21099814135386735,-1.6045794876090447,0.44411819794183677,-0.41895999567045733,0.042268763918214144,-1.631685231676611,-0.6908791527322947,1.1528512011509287,-1.2981776846097846
162,1.0298411920724404,1.713709273252846,0.4541089058768316,0.9137751470492099,-0.47255150452095784,1.192232608997217,0.38944815242454256,1.04211909155976,1.2993425588441436,1.7524032168563728
163,-0.49939592253036724,-0.578770399435797,0.18536109956423852,0.10377333217921933,1.8174908206206006,-1.2873828237159373,0.23431038279806846,0.6811071413756715,-1.855067724888592,0.5722928215762519
164,0.29812213304799956,-0.28163949368413155,-1.4421880501206163,0.7757854507841784,-0.21977627635722133,-0.5493815516616785,-1.461235577591095,0.47628603679397563,0.14257710629655962,-1.0237692265612497
165,-0.6449299259525404,-0.8108499318312079,-0.8792086299080911,-0.4408619703205375,-0.3886169230626461,-0.06035037315317314,-0.9256898261677412,-0.937797341149478,-0.5193361183711086,-1.1739325378267527
166,-1.1831606158456867,-1.1535462658061675,-0.21331795887784324,-1.1176416605623463,0.13307990645658768,-0.43192269028266056,-0.19524070761338672,0.05797519037897736,-0.39559435330553994,-1.3999327174866603
167,-0.38194092881203917,-0.37122660865108814,1.4177563055112292,0.11322591370533508,2.070601346173816,-0.637621786151512,1.541663506245271,0.14353764931058546,-1.449177346829175,0.2021543335111819
168,0.1543636230641868,-0.19935597287519669,0.38831919518382874,-0.8717887240487763,-0.11382976614040533,0.6520024774568229,0.3678306247459199,-0.2544031457531725,-0.38717650451046953,0.03559726703615019
169,0.1792806941396701,0.1304742134872695,-2.5039907196366245,0.26683095568142295,-0.7103735198723798,-0.016588163245287814,-2.4582290955453088,-0.4188383897540027,0.42201679325465236,-1.4722229387175323
170,0.007108836329466075,1.5901683742110568,0.7397254390668201,0.9459512018698388,-0.4871742404170979,0.28736961589256005,0.7250044423571709,0.6321706696544261,-0.15847285002585576,-0.5457104994670035
171,-0.13758321289188477,-0.3651843891541354,-0.25056466713013487,0.12056784090647965,-0.6645020506960698,0.6223896183622183,-0.25223551653167975,0.05093128548580432,0.1727326037334126,-1.0018743611497654
172,0.02263510522917219,-0.301820737533812,-0.624871847261816,0.6358218731474851,-0.15235359530734077,0.35764758145333214,-0.6522482642388129,-0.7329684445580671,-0.6936270347190641,-1.3818021762547827
173,-0.9711174263164464,-0.5849047260556743,0.3375660587446672,-0.34197971906552727,1.514512877158672,-0.862429550942341,0.37059530881498104,0.36135934294915995,-1.0594150777100033,-0.4361100185411237
174,-0.5307016311577283,0.5009285337430875,1.4286263608959586,0.7714944313429629,2.277430196027098,-0.048666041455208274,1.5867218261396816,-0.5282307211183462,-1.1425593713750108,0.7415408128592212
175,-0.40717109060108636,-0.6847310072386869,0.8032411196261955,0.30910318888446875,-0.6428297167421014,0.17832287244682646,0.8328438715770504,0.08253892885292519,0.31935377547560834,0.5991539034483229
176,0.9156090873698954,1.341388589091956,1.4636383951777452,0.8611543527029645,2.4469333600932734,1.028875198650115,1.4746707176144231,1.4894113741932458,0.9010566860388054,1.9873885048918947
177,0.2211047743479411,0.36808162535906586,-0.05315527139508679,0.29474513145990616,-0.4042879948013574,-1.2041513181190286,-0.03194468988636681,0.3703339626236499,-0.5663678620549845,1.0849417355811002
178,1.0490005007942762,-0.1368749082915813,0.47907914760825127,1.0173087289449982,-0.6164202160827625,0.9082637706778239,0.48086547623934744,1.1588152748796683,1.2323734310538703,1.0062514708718475
179,-0.7214561606685317,-1.1721959011767034,0.7625950227594576,-0.9618341547797531,0.5154568927703419,-1.324300061461995,0.6331970923861369,-0.11614512880380909,-0.6440267933483831,-0.09122953540708363
180,0.1444005553043772,0.3028462027032394,0.22917691352857425,0.5640914932108493,-0.17484419829968803,-0.4777685998314027,0.2158274018595503,0.1494391142158372,-0.5919192906809962,1.5928987370708203
181,0.4273200712591052,0.5736233406523631,1.3583300928029836,1.1806596322068417,1.581251229304627,0.7073032134925521,1.3441353736194157,0.9750475762307553,0.6168397687268279,-0.3127858619051782
182,0.1544051906088601,0.3000914393688728,-0.9302862419905852,-0.0008013968965624585,-0.12261037794720775,-0.1719849477570358,-0.952101442013982,0.1614914905208494,0.14954138795330055,0.20673783670795226
183,0.7508168817877457,0.7505595031541757,0.8986537894237966,0.9519170205467514,-0.3925904536701803,1.29393006769567,0.8787743601379356,1.3068049861065643,0.31253945523821963,1.7505024340383428
184,-0.7461024902232438,0.04364834122725741,1.4862724787649222,0.5380274621965425,2.949024635292974,-0.49747889612058827,1.6388601777477678,1.3605638388778247,0.1449554251549226,0.39314797113708294
185,1.6297962866972338,1.0652563441852252,-0.07652563690493049,0.6626393150417537,-0.9907872593734546,0.2209865867620282,-0.07719956439730145,-0.0821294420620635,-0.4891796545230801,1.7447485268135958
186,-0.4761722638296308,-0.5350467586636697,0.29629050553613584,-0.8155853758008966,0.12461806243896954,0.429588471745746,0.2796278429100698,0.5059719310008308,0.201092114143758,-0.18365022467641023
187,0.666665656928471,0.26191032927274843,1.3904518084912383,1.1330034812176117,-0.01127521816755269,0.554137853682637,1.4602534175584048,1.2887098563220372,0.011470589765064633,1.059636476100434
188,-0.5348159648397351,-0.0019487255155145313,-1.2162448350993393,-1.0411626693371936,-0.37707549272919594,-0.844690094235195,-1.199454854806125,-0.8177516353021258,0.38203513291566416,-1.2665573171213083
189,-1.2813754183273132,-1.2836405830149886,-0.26734439202165006,-1.6413470078888086,-0.46518655778582535,-1.1047028744982068,-0.24583360481600078,-1.442309485927826,-1.1402031573724316,-0.7355859313699563
190,-1.4975312379921417,-1.3502777910913932,-2.0462415826270535,-0.7096572733540759,0.20121281718846812,-1.15586855497965,-2.0204893661271144,-1.7718351456087145,-0.9673341505272445,-0.6883418454808092
191,0.8910011727842541,0.012159091873184156,1.3150586589303193,1.016335351240379,-1.388814296687127,1.5683533836591603,1.3152348531698272,1.2182093236705154,1.6561240161126969,-0.531340178486619
192,2.534125503306053,0.9926357518092949,1.3913473064079735,0.8246369197116131,2.31343189068547,0.6438995715134569,1.4621910757897714,2.2419017986642285,0.7996875666238601,2.0324862829899315
193,0.098740252032467,0.8495909482109711,1.2640842892119208,0.5336685918694587,2.154482153633004,0.5504189464093758,1.2353116143628489,1.684476202607968,1.4236527775087067,-0.11083645327846518
194,1.1483113443844228,0.09647053178075883,0.19042473505914437,0.22677928612419554,-0.13117389709800348,0.3642176162452367,0.21802332374958816,-0.5343356430703639,0.8163601116050527,1.0402363373337264
195,-0.21073207692973825,-1.0947036546393134,0.12447365748157284,-1.0887121454383366,1.6456506657033672,-0.5578474010389128,0.17581877619866826,0.06523770389922702,-0.7012066137732276,0.3965248538844151
196,0.8308075676223095,0.8870931555484356,1.5398002885325737,1.101448378935562,-0.6425190195150381,1.340948981365015,1.6387954195694658,1.5474445689052847,0.22403480955733315,0.1266316382613147
197,-0.8085893559183576,-0.24341026131970356,-2.101076023506699,-1.112317266240536,0.15453363755928848,-0.7066601310065785,-2.1418994565179656,-0.7222752522685002,-1.006282728466233,-1.4739079125978518
198,0.6353773360716979,0.8623741149129027,1.1347079635511739,0.744167330266302,-0.4561854340220553,0.9469846618542154,1.0784417936940107,1.4591224528184685,0.8070509759124611,1.9537575173100363
199,-1.9906786037528028,-1.424814207076714,-1.3125822864459546,-1.1777020306154902,-0.33584938709326634,-1.4646584012046282,-1.3297536815459912,-1.3958689402008548,-0.7162578871014952,-0.2639407419026187
200,-0.11796299896011382,-0.24575147704425368,0.24360137389619918,-0.6096455354351725,-0.6570296122228912,-0.45842292612275204,0.238165644016369,0.24889520555136385,-0.5702034064336262,0.7474942104292333
201,-1.6208349282058088,-0.9265801159368506,-1.8163253152975782,-1.7038824658546905,-0.436807072433094,-1.8794441969653979,-1.8061364448430517,-1.3508680351235216,-0.2069337205977259,-1.4979150237813164
202,1.501817654813667,0.6314642085926169,0.6387993295111515,0.6779621620125856,-1.153898991773753,2.003621413122973,0.6205479957030154,0.7617453330133761,1.6683245959553035,2.1386770587520063
203,1.180139725063884,1.3358012055194393,0.021277401235683727,0.8755862600020384,-0.24554003036711197,0.20149254883699097,-0.05393691021710475,0.8397597531585681,0.8967581889292073,1.7581929126694138
204,2.1456577531789285,2.3194116051351505,1.1590024559275287,0.7671112985279152,1.0104816339550782,1.0045448446228442,1.2376644943525315,0.6477936777692588,-0.10126125821838966,0.20119211860711425
205,-1.0714244677451514,-1.6976199682716995,0.26057996298132585,-1.6153876937173661,0.9994146579651881,-0.21800333892294754,0.2681424260673824,-1.4865736576151467,-0.4375199699735796,0.29219209584178135
206,1.7563867936382358,0.8170308820487565,1.181129437114053,1.4443300782107256,-0.4771496674096617,0.7687983103550953,1.0909868995636973,0.976223093490023,0.48262260873613827,1.931025787678482
207,1.2477943881947993,0.5959690371733499,0.11037588682808537,0.7724262100859363,-0.10985941033057545,-0.17434650407613234,0.0959331388284484,1.6752273559507147,-0.3448525387459792,1.7587505851785727
208,0.8601214292429447,1.4324541712246062,0.5267583748034869,1.428950997671858,-0.4054574040986135,1.6663468320147188,0.4717545274001642,1.5313846423804687,0.7043918655533433,-0.7561706886687392
209,-1.4860145036989045,-1.0770944652971002,-0.4705680707757123,-1.4889879707953435,0.0363397963188026,-0.6210903066996186,-0.43902048185565246,-0.4531310051934833,-1.0557696628718785,0.4703893388097105
210,-0.7494540297094039,-0.922299277277948,0.6680782664778222,0.6810459994065823,1.52662517439611,-0.12271203440226118,0.6410655924340792,0.8534739410859234,-0.6712883048727701,0.3482538579618768
211,0.23272673813109118,0.4720097163312587,-0.561036066919092,0.6944228157143316,-0.40407243457439107,0.5344654148484174,-0.5572460318224107,0.5605864514505503,1.0758647663662877,0.8206085181677569
212,-0.171832560182503,-0.5346588246104717,0.33865670940613996,0.2754047519960233,-0.7761389076741643,-0.9134086265741386,0.3240976551491392,0.5286116688354839,-0.26638345674058,-0.744865840547765
213,-0.4246991238451239,-0.10667140925837257,1.2119711599972138,-0.6789883328036094,2.2272149622888926,-0.5313569219283804,1.237221266005334,0.6603538636845444,-0.6484403793864828,-0.7368477713856213
214,0.1355907891652292,0.006864299214434259,0.9787705592716368,0.1962729821709721,1.2722858024569639,-0.37262411947879576,1.0695631657572797,-0.2679654796321258,-0.21206893557476897,-0.1082174498271787
215,-0.3536612790267352,-0.14766383468692929,-0.47356985654500355,-0.1587743837319724,-0.09165235907949276,-0.35411693876538963,-0.49552352288531676,-0.7001705242171492,0.8741818618575229,1.1968354927716538
216,0.6487456879349948,1.8890672742230035,1.4677434319985863,1.4270823838651543,2.056278377047154,1.432832475268166,1.4919881674208217,1.5381713807280961,1.3870517956342086,-0.5236365027107797
217,1.4181599185644242,1.8508018080386668,1.4764756451992862,0.6366403518799246,2.1608961253054817,1.0786991637046481,1.6304486521395976,1.288198161604735,1.5286299123203755,0.6215123079006873
218,0.19215331785964448,-0.04326842991918247,0.8375806174053679,-0.18697842729812747,1.220169713880636,0.6667291375209324,0.7522545778759961,1.5775276910559477,0.29118004255946295,-0.602377287561426
219,-1.5555950742393512,-2.2249850800050233,-0.663399768873073,-1.7605013891555878,-0.47449701091167845,-2.0513282501159003,-0.6732820121457594,-1.3403127581541172,-1.256485142703635,0.10114022880756268
220,1.4009642541676888,1.490357212966816,0.7971149877650583,0.2965008929483062,-0.7967721042093494,1.2409060419476112,0.8865499779532622,0.162195530915548,1.705185047155454,-1.1949962183185072
221,-0.3202157821407016,-0.2031806775915141,-0.8396236233727825,-0.16490057405721892,-0.26436557169394603,0.20407803266970817,-0.8642347655889618,-0.6465627219819814,1.3429176927855988,-0.8625355229439916
222,-0.684046856447428,-1.4748771666554141,1.0211812806570126,-0.15061460679473754,1.2019958077837658,0.09440740247924834,0.9684760255737861,0.4428009859152179,-0.08380483353464764,0.5019831674940882
223,0.2515859850180735,-0.4985218283315443,0.6145632981865645,0.15018706293329523,1.3435051227618875,0.15857871505581853,0.6538374861844098,-0.01363515605919893,0.17868792132287234,0.6384679395642147
224,0.4577519089310172,-0.07177813947873209,0.9089356767241235,0.7659308219981092,2.2632954254346695,0.9217035971077672,0.8338840603254035,0.46933923020135276,1.1895538077103651,0.8338140753111811
225,-0.8857849029783696,0.028638462448847195,0.259520733627978,-0.6880010563180828,-0.39076572148135336,-0.3689464740280544,0.28490913140032614,0.4681209241526478,-0.043399080953581574,-0.3136580500515353
226,0.09244709132157156,-0.5964493568630533,0.9253214794930089,-0.004554619842870491,-0.37678930420654033,-0.6802844406917978,0.8765387093112406,-1.0923341400122004,-0.708686305942796,-1.2486095933457826
227,1.6209027691453797,0.8432572442521382,0.4356350432867411,0.9412022811139531,1.8984698691416386,1.3832535612416155,0.42589248023317666,0.8806702616104664,0.5253405400114792,-0.7561523748162413
228,-0.14777399809106578,-0.40773972834595545,0.7585830092473942,-0.49891935339013777,-0.8510880451097347,-0.7376590208376868,0.6284763548875799,0.2904481906013339,-0.5982429342387832,-0.3843105654981887
229,-0.8152880072084217,-0.22822739908661802,0.1595222247691654,-1.152521110500245,-0.8801821800512263,-0.12464393693412246,0.17333119052625331,-1.4213623579476475,-0.8132302822078075,-0.055321264174741744
230,0.19580079104489384,0.5730972501800824,1.0636554551117985,0.6017749623448831,-1.098784906864725,0.08355561291324455,1.0680797407984273,1.5451154019354039,-0.6394907132484258,-0.9790522652934464
231,0.1543971803703839,0.4480142659872164,-1.9652806862640324,-0.6634881473830789,-1.3320525776107872,0.14604917866798708,-1.9414072762712766,-0.5349314384513274,-0.5877149069765553,-1.4275830390101656
232,-0.01278607273255221,-0.2699101434819938,-1.717577221230236,-0.0890148948274179,-1.001128940483131,-0.31855058346636494,-1.6987024938374926,-0.5275649490377043,-0.35959653664064073,-0.990439507080662
233,1.0425444989073513,1.860096360479941,0.6151302214628347,1.3151873083621248,-0.6265115352997127,0.7899405962817968,0.5281419546237813,0.8560712839259594,1.1106355823849543,0.9901390374047828
234,-1.3160463969252971,-0.5064138855326515,-1.869005599230269,-1.5555631330447293,0.44989514783226164,-1.0359019368049247,-1.8694454849273108,-1.206879681330327,-0.2154708183594932,-1.5301560293597334
235,-1.1970309234344334,-1.5622504155743442,-1.0951578445271903,-0.8742411735651309,0.6878172129348425,-1.5153535371788964,-1.0958874619731265,-1.1120781071575474,-1.494789954562281,0.0452087013362378
236,0.4625825752566938,0.8361254058889902,-0.6351189522116315,1.0159418842232384,0.29000745824324176,1.4857144451379878,-0.6683281440509004,0.9959022250197028,1.4781583238269929,-0.5372531769227327
237,0.0044403223025553905,-0.6722906345076572,0.7608526252231306,0.7114014338243689,0.6581896013506683,0.0521661827728382,0.701765424597035,-0.02607258079231931,0.04387596111205523,-0.08586574574415907
238,1.4015139892365955,1.08357632712027,1.1854507630079334,1.941423665660108,0.7026546960276926,0.8043299676261382,1.1693827388470397,1.1714823634391875,1.3985159661914468,2.0556061332498685
239,-0.538429943147538,-0.8715559244809892,-1.3817871357051639,-0.0056394115185961335,-0.44196687881752056,-1.1361978270678643,-1.396927535086354,-0.9297777871073354,-1.0227165463624674,-1.0387896078729306
240,1.5244833444455554,2.0286758315149225,0.9186008661538957,1.6263621931952403,-0.6062259912641733,1.0858667269802627,0.8903807890253124,1.4133027074550428,0.8847330547318737,-0.0868092590918688
241,-0.8419957170797939,0.2730670098878233,-1.6709308845518633,0.5279668742951543,-1.0002192477544674,-0.7462819824174858,-1.6844431907500246,-0.0951230033080825,-0.07463553754505912,0.049223030976740766
242,-0.9819662585385175,-0.110767092672392,0.17733622299910992,0.17757953553044933,-0.3765781379069244,0.46143694628483745,0.11953908979613437,-0.1589021948116261,0.05028879919507986,-0.6085333524384207
243,-0.21515322211208354,1.2471536564177217,0.26198893174770477,-0.07421479280739218,0.27384111731386535,0.32578619807945053,0.276036187741154,0.7163877355138525,0.33633363308530934,-1.001685809146625
244,1.026517804332488,0.9370139579343739,0.19834286800524528,0.6803513779919187,-0.18267640999931983,0.44923238956933714,0.15114876277120376,0.47899212585550005,0.5538362376655166,-0.25250309468416504
245,1.3636749590302848,0.7526905878529975,0.12250343882245657,0.8852837959367844,-1.3145909593305145,0.810862312105754,0.1415366324938739,0.7260614317962811,1.488212505637389,1.1809361038305903
246,-1.1775133889628615,-0.46752834039244584,-1.3917687856543735,-0.1533842302127837,-0.9872874826001458,-0.5689916219857164,-1.3969077262003664,-1.290367196815609,-0.3472782630615425,-1.5149716142795042
247,0.11416042707333435,-0.6298236353772129,0.9579249692232475,-0.1398259699058658,0.1895802002690942,0.013788799335833955,0.8875151719295977,1.0311869178038164,-0.5640549431700456,1.188458428251501
248,-0.7402040922824762,-0.7995712262852329,0.19349140907858725,-1.0572716630471204,0.17835554082385965,-0.07399567892428573,0.2028205185498282,-0.23077145204768154,-0.6587962628660929,0.8833541907370737
249,0.9005869083551288,1.7018526405923564,0.4622846083920428,0.884226271214151,-0.40872584650945853,-0.005376677992451536,0.4316950830021739,-0.3275677988756299,0.9383595021770694,1.7490966264790537
250,0.7847935788339498,1.7107946921019919,0.6524116338381888,1.9529696366831677,-0.4946393268792878,0.2052284937341529,0.6831437740219123,1.0623258443063766,-0.22389873766028268,1.9235059688234302
251,-1.402978592427321,-2.297179837676605,-0.2692730562498452,-1.2501081114445096,-0.2697869161295247,-1.6435373670811175,-0.31741788716040453,-0.9296434572474181,-0.17189830789983895,-0.10300523263944067
252,-0.9017217056000691,-0.04277600025599555,0.1543753734112601,0.04476404385753949,0.29300233000348574,-0.60157559114117,0.12316306637763855,-0.5868150852357557,-0.33483516842139827,-0.825666230778349
253,1.8066576254431852,2.0724135749060317,0.49939628843741096,1.510856842458111,2.1402772250641817,2.043439573807633,0.4773795439079921,2.5447095333938385,1.7146175536867752,0.5870712274871278
254,0.2267917274693949,-0.1835994945237597,0.38651219459470726,0.6352223357697445,1.7024355244838023,0.6423164468467225,0.33832042125130724,-0.722569777024454,-0.38102605964604014,0.23102343934507094
255,-1.4516075458565953,-1.6544446447234462,-0.9446411302496026,-1.0977567498112675,-1.112056182962698,-0.7285890858060515,-1.0035465209002161,-1.8156644147870673,-1.1660494111749056,0.2474810644687208
256,0.36516198352196233,0.5371270133546876,0.95062643647734,0.1781183351273045,0.45780033899201966,0.9717746808633071,0.9052482421658484,0.12721201172550609,0.8399226718609294,-0.7102527266934249
257,1.185940388441444,1.276142238114608,0.9868323334444923,2.093119738205343,-0.06258482426350624,1.032631533242077,0.9341270460163401,1.2403104798879896,1.4746779386096374,2.201040078933239
258,1.385369130561951,1.0398048773042214,0.47713197721699036,1.6171593149323074,-0.3961871590432098,0.7318762024557703,0.43127994591303004,1.1525191616015888,0.7918518025978746,0.47665294460085134
259,0.577200704617198,0.4274175127865311,0.4893268230696531,1.0397471955773836,0.131542602406621,0.03891364786578368,0.4234873970955957,0.24491124475487966,0.17870609272538338,-0.5356250606797878
260,-1.171868776226487,-0.5086370067192632,-1.6628176434311552,0.000716584535831527,-0.518972220007717,-0.3692035547616844,-1.591792877406374,-0.7829635785392648,-0.11498934115570483,-1.4182387402826149
261,0.10187789410227858,1.5306473785578285,1.2650373445361618,0.12895417928629907,1.19311138180575,2.1599358482168216,1.3260484268721107,1.40626148537664,1.5157828287705362,-1.0054841319448682
262,-0.3065868429253927,-0.6491423624910082,-0.6759123709598918,0.20837886308857867,0.536771653070909,0.21201655378554002,-0.6775646667469919,-0.48331803828864106,0.49069437512775754,-0.949331387736599
263,0.19488941472999763,0.7880080906158445,0.6454750626814618,1.6798694247971426,-0.8414107842315529,0.4920163411951652,0.646852797508458,2.3659450056861067,-0.11158960769410606,0.6489002896281191
264,-1.1250174968993247,-0.13464671244764517,-0.24138558739772265,-0.29180659572160744,-0.6306653179782559,-0.6860520708621732,-0.2509486340706698,-0.548255493459194,0.1789187502934132,-1.2794381802031047
265,-0.10110614659598939,0.7398788498046308,1.2815824226119166,-0.40613109139610293,1.6325278622928188,-0.6659182843590009,1.3105123082157348,0.7093102151835676,-0.5363465958066935,-0.009307099523547219
266,1.2702635122099604,1.31055304723786,1.1057943677572428,1.4211225773785798,2.128256750410836,1.188697075197797,1.0737352921713865,1.5406757760173933,1.1496574713317453,-0.13669268078096633
267,0.8001396242930906,0.9915204838668982,0.6240362616485623,1.3347687876847782,0.4528074834148378,1.5816686749788773,0.7064595538803677,0.6723455710154982,1.1786110285019142,-0.1482683278210375
268,-1.726187778368752,-0.8649446489367397,-0.4626865396268765,-1.3546935494042582,-0.4024337625045134,-1.6936025921961988,-0.3856000007032285,-0.5221097262568475,-1.048364383537924,-0.31737994422835786
269,-0.08007073837053276,-0.37809441610326017,0.7333312157397959,0.10711513359710459,1.3787265952035772,0.8022901222511721,0.6698611607831448,0.6798099040993949,-0.5048633085953552,0.8227638862430472
270,-0.7156647933638549,-0.41962254144592886,0.6141606832070505,-0.918377574208909,1.9612282691611107,-0.03216649390643925,0.5564731144148053,-0.20754892885407739,0.24603635213611966,0.6693583045036213
271,-0.036737923977853054,-0.25407670560087003,-0.22440651181587418,0.3977644241423609,0.5767218256551606,0.5119483287995042,-0.2880535173098129,0.8611070698425446,-0.32512145239716095,-0.32102642613363497
272,0.9133422094027344,0.36442383657829097,0.6202236796948484,1.0319068950519583,-1.6633940341425786,-0.12231002292798929,0.5995690195511532,0.41031102438233935,0.25596312608517524,0.0669973566998631
273,1.4187803173213145,0.6606670540049951,1.1294835046127125,1.4943050028898188,0.39332254826756474,1.111847070718197,1.1144145967412578,0.9212742959233259,-0.19398806043967337,2.3291039242099516
274,1.0456914771209607,1.368000571457613,1.2269500019874406,1.8235565968022958,-0.7091207476307274,0.14611097402141796,1.2290599330179728,0.30150137804946187,0.17805417616345084,1.4998944830570973
275,0.15641273143103673,0.30905058750230124,0.6649530022733313,1.0052636155432866,1.4286158022968993,1.053482035364808,0.6786903595377369,0.5446020525838741,0.8068277679015339,-0.5294055950492468
276,1.1477185623968438,1.2317653298100328,1.6017545082905436,1.135110342700968,0.19887186578530236,0.6311084396382066,1.7590340511230038,1.7024657601994149,-0.26536059261754963,1.3303979942855362
277,0.6361943551907855,0.5968717119502264,-0.9895027194251095,0.49561702638575567,-0.7908216808134306,-1.077512912611077,-1.0187167012613654,-0.4168278490741251,0.22991817170773202,0.24371439037140447
278,-1.918460496127889,-1.6054958574941787,-1.8722065587775598,-1.1393150537761387,-1.15021678016658,-0.5005430197392297,-1.9015433801270356,-1.4373309503152654,-0.33815824800833005,-1.4738960074935872
279,1.3712300071011032,0.6387379173000032,0.35954075043638506,1.4896098373383613,-0.4850578589469289,1.021277430653005,0.35560068361510416,1.4285342111355488,1.3550368470848033,0.37832469814790065
280,1.1294739307221537,0.5002006506983377,0.19405811555737992,1.3879220066746762,0.4109677321139999,0.897447031346309,0.13597658966804926,-0.013471916672071732,1.6786969217268277,0.5123473197639411
281,-0.2629508649289119,0.08161910430032208,-2.2069979906048287,-0.6058457491497008,-0.1476929848695255,0.057648683924356056,-2.2040491365764705,-1.4171944758819885,1.4965531979281035,-0.835418554614489
282,-0.05661713642408418,0.28977841268324495,-1.511485228098983,-0.36156653148728674,-0.5600463719645983,0.2828189934392277,-1.499685140025052,-0.690059776173404,1.0711566112411186,-1.3524889603976797
283,-0.32295455465966205,-0.2596507785777555,-0.07667681779809107,-0.06673389921801517,0.045761634065395115,0.4672370062061721,0.036921569758351175,-0.817822384448154,-1.3227291984523328,-0.016083057872569077
284,-1.0378060101497555,-1.4810178629364368,-0.4885328654268996,-1.4130830398067293,0.0521103861189452,-1.255000044817221,-0.46362142394413847,-1.1826264246190126,-1.1105305569025343,-0.03777334820911716
285,0.5179302574412343,0.31091901373943276,-0.8298228467642358,1.5924428206147483,0.2669737192834682,0.7235564615914712,-0.8569233494936747,0.366074318793531,0.30017303128112666,-1.2527358074323716
286,-1.1665969107771832,-1.597372359710775,-1.477680552797971,-1.5419615796175659,-1.6563873324687304,-1.6584875067494866,-1.4623394127105607,-0.7270938728835964,-1.6857955000953513,-0.46463580449809166
287,0.3998255845187142,0.011343482902639888,-2.0492228229434226,0.40726576308855517,-1.365437251417898,-0.03628205719510384,-2.0536316848430047,-0.6678549099846609,1.619554050613381,-1.2216715553219464
288,1.7989045947791658,2.3733598964082305,0.49973062459735856,2.0532190986444268,1.8860988346298238,1.5109324787407425,0.5262126832105614,1.4168474541684448,1.4827033326697239,0.6787611155018313
289,-1.2359134988547322,-0.7916639377116945,-1.7795914219731164,-0.8323160210093078,0.25412560775668297,-0.789091857473275,-1.7679694291602361,-0.8721249070159429,0.374240198281854,-1.1674589954366243
290,-1.1463880397942092,-1.3729296942659839,-0.36670352123865,-0.7831527365667946,-0.3039866400203448,-0.6872357694716971,-0.4022960656205352,-0.8757001335071533,-0.5543398080732351,0.5320622295882992
291,-0.7844000134784677,0.14192038425707124,0.2891048250695484,0.2101171513125989,-0.8530125096702083,-0.2745826495563919,0.2469070870925103,-0.49014061884265325,-1.5017126563806473,0.9073450671889407
292,1.0323633592273238,-0.007693771444260213,0.07474310323688951,-0.07378473732765552,0.5811864185488365,-0.13691991172921414,0.06661455746504458,1.1634939707712784,0.17390990870150203,1.2960171439596575
293,-0.5692895649439247,-0.16795186097928988,-0.1693729243775759,-1.2292340083146087,0.028202523275276163,-1.0831915327640296,-0.0801297448953928,-0.23235095980089443,-0.5769796395161179,0.3574237880970197
294,0.8972136678732467,0.6814955090625621,-0.2943308416223254,0.967419194633228,-0.05514677117449332,0.749158966921963,-0.33236845989123476,0.02639044921089919,1.3165591013612528,-0.34155109909485254
295,-1.1713709395286862,-0.5782682822197796,-1.5743709225705036,-0.5872815294773551,-0.9896625452783399,-1.610127603250433,-1.5393373022754717,-1.3253405545295587,-0.7890625698175272,-1.395357218844154
296,-1.5750745135181623,-1.314895162116585,-0.9482034449387584,-1.7167136373757248,-0.4601816235777126,0.049665578007999124,-0.9236827902592893,-1.5407121460559108,-0.6975218838470777,-0.01551472091461032
297,-1.0525504809447046,-0.09113251688901981,-1.2204632795049837,-0.3179828460770503,0.12524110643055728,-0.559520630961862,-1.2059863144506404,-0.9370398642096346,-0.34334060782890446,0.14271176017750617
298,0.3862924664083147,0.23569000343875438,-1.0793208329621198,-0.16311819376808195,-0.3631414880099003,0.15320694307827729,-1.1187557737698102,0.08372591325589894,0.9570310432190092,-1.1097510663595938
299,0.589930938018971,0.17005791520683008,1.2371180162106725,0.5187497993733527,2.4140357934380456,0.3262059199186337,1.233350852517294,0.6437442703103335,-0.6128375854811177,0.4350754891819412
300,-0.7897810435224479,-1.3940153976909373,-0.8295369365492318,-1.6582396472932641,-0.9317316413567652,-1.4886186671519535,-0.7810414997485532,-0.21285324724186905,-1.0607129555971744,-0.42467071125731576
301,0.21890193002980488,0.505467629604639,-1.7196593110299743,0.7430162007538695,-0.7208702535814507,0.8563398718629055,-1.7389155294890255,0.06865118119998263,0.4266751926806951,-1.3855678037339043
302,0.8224692896518496,1.012540565822906,1.3692294537148006,0.19095022541572873,1.7855197317272955,0.4354362781930792,1.3286467366466468,0.40420524967998755,0.10791508814049892,0.7759318299598089
303,-0.16328480073257573,-0.5743208642808149,0.7873706035313335,-0.3416336265088294,2.072825641768181,-0.08443499685432873,0.6421880833357607,0.030137667485080896,-0.4294213800025443,0.599014482610444
304,0.5604945284237559,1.1808153957395704,0.38953045420707594,0.039608704418162555,0.10212864754416141,0.9906504110765239,0.35036629014941695,0.8882314566270202,0.5829943159026303,0.5559703930468022
305,0.5315969636562852,0.7016487070056247,0.7858345205033547,1.1657703606345915,2.170884763213145,0.7185437144380922,0.8292430012184698,0.9218545729767504,1.0832020952284658,-1.1090237162347878
306,0.3912393950973528,-0.271889693717849,0.7770645077047825,0.8239620721080347,-1.425474185074245,-0.020835730216810018,0.7653816196406864,0.07480978681526937,-0.8220610779916748,0.9497470826564048
307,-0.43279144708480155,-1.3414294033696659,0.6658410062082699,-0.7059413624725833,1.3500928744757925,-0.30793295218250866,0.8074895797284302,0.2718530721835884,0.5792604419713203,0.8303947051797994
308,1.0591757659214456,1.638975165535327,0.8517942303364462,0.2768737430776087,-0.14015662669165171,1.042355632828535,0.8974802503513557,1.8490618567375654,0.9601215517658469,-0.3348760071450641
309,0.1110439766562806,0.928406140606879,1.3799679525268136,-0.1979188455527098,-0.9011363788398681,-0.2852319567215346,1.4297066486972616,0.3786177276274847,-0.7540938369673486,1.995597909973389
310,0.31716991059648625,0.6984336940204757,-0.4989414169452713,-0.18429316900270404,-0.1264117410774683,0.30780540854561245,-0.5462535440386602,0.6486927222978608,0.08799111967363787,-0.8696803523099633
311,0.9842134555037475,-0.28259545501994154,0.6650403439696749,0.7779649378541679,-0.06213409015743537,0.8886033546686386,0.6667266409164789,-0.18883111973584993,0.02612672890419454,-0.40037466617229345
312,0.058087436877394254,-0.7234408658256666,-1.4345462106140012,0.0053776495924754844,-0.5817401338564467,0.08235812335755613,-1.3553998271208259,-0.8189597272449871,-0.5389528778399398,0.17063605665937365
313,0.1030354279136652,-0.057640512935503777,-1.334075026400675,0.0003106060268065422,-1.0381798154507007,-0.3425651818907024,-1.3525325247887248,-0.509514846971889,-0.4977890872932583,-1.2541361989147979
314,0.9340759558642698,-0.3419261418565898,-0.2747521922996869,1.4356076805173128,0.3529000924145366,-0.252287991235933,-0.2472089807485921,0.10643593727955088,0.6633237461958189,0.8443190421132886
315,0.197576310887832,0.5798974267414754,-1.44680695787146,-0.2694536750832683,-0.36748717797368763,0.7788287322339308,-1.3730009229090714,1.0430855238490404,1.6591589172993324,-0.6015345557789417
316,-1.5128945835925567,-1.0326282119660657,-0.40618366623366925,-0.8998020304741787,-0.89511435612159,-0.6209228896657258,-0.4527825019354615,-0.8331812700379149,-0.38636840573919623,-0.8111690493087199
317,-1.2211436388861046,-0.6667199028435289,-1.952112394935502,-1.144723817643358,-0.13001775805305169,-1.3143422093758257,-1.9497222436297603,-1.3752841300858103,-1.530583309242441,-1.0166446105678537
318,-0.33636173219860294,-0.8543572390941337,-1.4580380161958735,-0.5857112371431972,-0.8680436894584925,-0.7474487572079633,-1.4146286871438298,-0.18288960826234746,0.9696075955385709,-0.1191679641910562
319,-0.2764777582258061,0.14814779044310508,0.06740709423072119,0.44069198546095045,-0.6754421898763989,-0.4878614288556267,0.08093138055068781,0.7411761379898971,-0.30298655468222424,-0.08384733117984731
320,-0.5387040278909975,-1.1780032761907833,-0.17809451415549443,-1.238928932120004,0.33612218338327793,-1.08410877534425,-0.19695931321375745,-0.4845079117397067,-1.1005305733476387,0.11867789881775541
321,0.6371147561136524,0.5891487568014434,0.9439709418562704,-0.27286814319495023,1.0115230103214699,0.030605485571641937,0.8544580878118297,0.26636476657401104,-0.32549919698903174,0.6053205471380095
322,0.8637762320203569,2.2409761413323595,0.5925214377974095,1.0281188602403009,0.09363581315607358,1.1127563858899001,0.5574891837529762,0.9336995174040527,0.5061449535927562,-0.565445535661857
323,0.4822163322390114,1.2937289124665605,0.5422520429574659,0.9758690774726914,-0.31627752788431585,-0.02948982294919137,0.5270619524072052,0.42658833428135506,0.8347958235062563,1.5675711570770003
324,1.150506788965259,0.5073831171376524,0.93577675944165,1.5812543122284264,-1.260412368115895,0.14286403686104018,0.9675360206798066,1.0453352664360311,0.2814929137751091,1.7621058380251908
325,-0.8978198038860645,-1.873260360127088,0.13030929817364978,-0.8846442961644936,-0.31063753001535854,-1.408657717620228,0.09217382136960686,-1.1528854097057524,-1.1322465063650562,0.29189729748110416
326,-1.0202858218950595,0.28543056163764247,0.8069979190680296,-1.0902098395916975,-1.0975920137108501,-1.1461941181477193,0.8021295586926624,-0.7466711900100531,-0.7638419434689636,0.7249776395349604
327,-0.4867097308079044,-0.26746212719738577,1.103909080313654,-0.0952274908905937,-0.4774408907952628,-0.929788057155826,1.134016987860811,0.7699724642557509,-0.36771235802072344,-0.45088646144802147
328,-0.7806453200464385,-0.8496347035228197,-0.24256136146277177,-0.5451945156772606,-0.051608455566582744,-0.48486964681781025,-0.3402708725300972,-0.02279423814368972,0.16139594530683365,-0.45395778645724444
329,-0.15106759434632921,0.9789404157335024,0.5589593185134998,0.36366789311102304,2.109015492852698,2.110256731337634,0.513700643841495,0.18099113093672412,0.5406512628958156,-0.19113794765292702
330,0.0016122405657014785,0.07666068816051827,0.12258890532501598,-0.28492809874143327,-0.7939265151686518,0.4352658443272113,0.10336621329908612,-0.300818059544161,-0.5900883316755641,0.23821230741545296
331,-0.5996925156893993,-0.770160288912716,-0.7416649327088405,-1.207713155520568,-0.35905603795111385,-0.49204920681882125,-0.7790060799200299,-0.9342272169942676,-0.6183180581396102,-1.1352800724093655
332,-0.8215275528417388,-0.5363635505496916,-0.8477001753815055,-0.5257283782176838,0.28996427973407185,-0.7516288329999505,-0.8316969582053054,-1.0278595880168895,-0.6247196949571733,0.03706674201162691
333,-0.5079384609464694,0.5246903440221965,0.6601754170679136,-0.88934647173156,2.260856285166742,-1.298287637178652,0.6349017666624598,1.3722823240071855,-0.6206761633790234,-0.09253921367143536
334,0.8293624160102737,1.2438225727111984,0.842348055514075,1.660815212552586,-0.09244293352144772,0.34041132430917526,0.845360727779987,0.5180728269120625,0.6600560534358275,-0.015374591519876841
335,-0.4711180617561905,0.2783642537618366,0.7962209635002111,-0.527536020550394,2.1908868263818517,-0.28763749528027327,0.8328964700846194,-0.15348839530260316,-1.001467417893535,-1.111589666043514
336,-0.06334805272127439,0.7803093258102918,-1.305948832066658,-0.6507961278189444,-1.1506982178371488,-0.4847010459728589,-1.3143786730717026,-0.7694691650087988,0.96582328015464,-1.1615625483083618
337,1.3871192135463775,0.8742998575665123,1.408330821969984,1.0953406910409835,1.9948364662466045,1.3003557489478272,1.3106850357655717,1.3627319882406206,0.6483575123377877,1.9287907663034882
338,-1.3086401597909767,-0.7888508846199189,0.6792878402242282,-0.6683684436732843,-0.7578765585637297,-0.8225327134776288,0.637137085895229,-0.6971361276227575,-0.3912972544818306,0.31090849018718386
339,-0.8973368110402642,-0.2329875417861213,-0.8878372629756498,-0.6479434417651586,0.4415091632954775,-0.11095608931679851,-0.8738222005079264,-0.2353438355051133,0.9070380890159188,-0.8125875524960567
340,0.6867724690140821,0.0760394613995273,0.7780529103957919,1.0166250537553763,1.2683923426801043,0.5620785573989321,0.7190621172375794,0.4717884204255755,-0.09945957779217478,0.2836118155959078
341,-0.1136850578833541,-1.0009351919528147,0.8386489168154073,-0.3831652616444332,1.9074668101218102,-0.007052659443081808,0.7790200779264871,-0.6883940245615869,-0.4063913392977332,0.05002403333925781
342,-1.5184397442075268,-1.308461947838522,-2.730367185413628,-0.7558208986857337,-1.2280589333265328,-1.0250273462887125,-2.716280034244672,-1.654127482970305,-0.874078875039677,-1.7248232679162878
343,1.5442327301842333,-0.12823089582428054,0.8704489596258366,0.15315949574225743,-0.7199195159199874,0.9837693923827142,0.8546122096366249,0.05566596570170457,-0.3918423542353919,1.18330404772333
344,-0.7649820382773399,-0.8271479406762344,-1.0994927489931123,-0.7809929548493322,-0.9808887148843162,0.7137797099343334,-1.0461451043982481,-0.4755622755627312,-0.7030889700879049,-1.19121510712134
345,-0.4008853523861044,0.005470677343564108,-0.09152986366111997,-0.5989993490592715,0.05575558170037545,0.42503686197538454,-0.1815767399015479,-0.46516359497988974,-0.7256599898475391,-0.20225677141234594
346,-1.1605208525489905,-1.7117035086061438,-1.8540044961515092,-1.6878624539811218,0.25527226692680505,-2.103333061976313,-1.806208123875832,-1.7448962622272188,-1.7005390663548223,-1.5120880333562796
347,0.24238098420611925,0.8641386636678972,0.7690804893264322,1.34805212675701,0.14813182323634996,0.08142999544511485,0.682658133484462,0.8218177798147552,0.43857748573188976,0.005275203487372019
348,0.8713774395464237,0.4597054777317868,-0.14735881052036978,-0.2607909561120777,0.9921084842168273,0.3163999023890567,-0.22926960380732042,1.2223475003368702,-0.12666624047675235,-1.0047225936654856
349,0.00014221454233747082,0.46604788515089624,-1.7657240201042879,-0.510840392630643,-0.6361997661919114,-0.28768944368577404,-1.776266312178392,-0.6114386873780574,1.9574831370172756,-1.263377143520961
350,0.05204336310530525,-0.12274882533195948,1.160547654201789,0.431889157525342,-1.277699294299162,0.7514418747749892,1.0234511394722805,0.9345950672791521,0.010581392061722362,1.3341478879319422
351,0.5180895612436583,0.3582573235635376,-0.11091995811037465,0.0784169444597447,-1.604963678389211,-0.09572663738476588,-0.17424728734709638,0.8593688504671485,1.3537591718535806,-1.0934802520087614
352,0.24309545710904898,0.5369418083632206,0.7604218559620491,0.7462144072008321,0.43397040971510087,0.5053348727935767,0.6945449915318886,-0.4427219409333419,0.8172910186731714,1.0161143660117993
353,0.456851534155574,0.9825088858660672,0.11033743555378143,0.8426537003000276,0.5495679303576567,1.1171916864815858,0.0934652844441411,0.2540673547600555,-0.4426536388847153,1.4493476329709873
354,-0.0787565478777417,1.3426936327027028,1.1070440247456523,1.0914514047754256,1.0899250294713683,-0.18415411190469277,1.1321328527543204,1.3207801883710548,-0.013191909059400155,-0.9472981851241934
355,0.44725875396265546,-0.9102144834815707,0.4084840747994091,-0.08897367923111305,-0.5663125609360016,0.5030998815962788,0.3835641297671631,0.7251777058733282,-0.7990863362618589,1.0366884100042608
356,0.6903254503557475,0.07841752259654565,-2.0758657077664333,0.2931883126404331,-1.5313283902760413,0.5868371935410706,-2.078386825579462,-0.4601772875971969,1.4195052790063996,0.7110795575180675
357,0.40262893461196947,0.7043609638869542,0.3098554770685442,0.7747943740345277,-0.5461644379665784,0.34144371137269763,0.3247633872435903,0.4250243727431716,0.5325126953603484,-0.18928261783977823
358,-0.13775861894597907,-0.2549115781408488,0.48652441663033724,-1.0103130008512624,0.3310895959652922,-0.38416720565330825,0.4311304138249559,0.05227244963599916,-0.13073746030005964,-0.08139566771724599
359,0.4305529577292808,0.2812041791741157,0.11524883336562027,0.06665407598917669,-0.18640666728715166,-0.2544194412775464,0.030242148211767805,-0.11351339807359842,-0.09616201403988588,-0.3912431791540429
360,0.8147720951982316,1.2860786525274424,0.5999798814772661,1.3211753395881831,1.553045309115625,0.8472456102337835,0.4684105316955237,0.8225964118016365,0.32775569746111116,1.3825359792624334
361,0.7500903797699622,0.5387610595078548,0.5311910546270489,0.7235316544469025,-0.17980903618121136,0.6155693269799646,0.5116008193227671,1.0965083344866178,-0.4367179258583919,1.273296319214268
362,-1.0058619239979183,-1.506659749561491,0.49716061015346535,-1.1517109029094137,-0.5507679725762872,-0.6601157006793604,0.490046894112851,-0.18072764305618036,-0.9768126594134108,0.4210104703898924
363,0.9461212114924544,0.05381891505231429,0.5753103711000761,0.6871609786219759,-0.37583800390273847,0.784422210581521,0.5536200589754514,0.21219846430316824,-0.15726133510257384,-1.0568393266420288
364,-0.6509740506286663,1.2244026378653112,1.3376645550266866,-0.213980594299261,2.3680525512204302,0.3539122598719808,1.3059616958029692,0.503160386226802,0.6961253034695782,0.12969904166845353
365,1.2239973090111513,0.8258684666403172,0.20561768226992033,1.0085189351237374,-0.16593669522823568,0.8127466868824829,0.31389927657117866,-0.11952047603314955,1.388794299798382,1.3070549625052041
366,-0.5515069803411908,-0.31075155924167197,-0.13302250164338675,-0.9005810350035909,-0.6212259111241476,-0.6705944253034346,-0.10409903402990528,-0.4356872616170336,-0.325581553859953,-0.04565550017870627
367,-0.9628146249738159,-1.430366544878653,-1.5212223378711098,-0.6184070889026246,-0.36121684258363396,-0.2831800551745854,-1.4486731823269077,-1.5082828933033645,-0.6967819548790111,-0.9589152117070622
368,0.7080629303460513,0.4655587124987277,-0.18970543567621023,1.0947946469347278,-0.5717249702576359,1.0891633760430022,-0.11999123233482116,0.3139580895125465,1.4763244576006656,0.3355172644411759
369,0.34253854139306567,0.9515508876075106,0.6305441471080182,0.8623292928391704,0.05270843965560269,1.3268429675421687,0.6130407528142156,1.2547304315399854,1.6406760540549,1.3759633829814197
370,-0.23852922062133958,-1.552616253602784,-0.18461361938106918,-0.24782256661669702,0.4526387148248555,-0.578751877955804,-0.19023211229678752,-0.24639413912816077,-0.6032139457489905,0.21540882202534675
371,-1.6113976925996498,-1.0834666684203553,0.12605920966159215,-0.9331089113714405,-0.0959269621936931,-1.4062885975247856,0.11940667969129967,-0.4504906039913044,-0.5465526855286004,-0.6816247667125954
372,-0.9005898905964135,-1.0595666882294468,0.48091374434600936,-0.6944323983831867,0.7623467892597418,-0.6748175865152263,0.42736390176698263,-1.309208575981814,-0.6763890768126551,-0.7555247558274086
373,0.903852727751651,0.23898383896673656,-1.2811874999833746,1.1702276799900484,-0.1037664971237808,0.5648669008963842,-1.2279036558718837,-0.20543341126479842,1.1026212097028822,1.375284135823601
374,0.14276905965170514,0.09776539924936727,0.8477817551735176,0.6406233313434617,-0.3749108524447752,0.9720868747261802,0.7858322128171852,0.31521442369155156,0.02309437689964214,1.6315984999509134
375,-0.5611797483026586,-1.3205768190817906,-0.4126265689732972,-1.2372912611427294,-0.6468890711657468,-1.3457560228525123,-0.47561315494527934,-1.24254075023365,-1.0785970085313235,-1.6140486620703032
376,1.4072080227865094,0.6192378924306456,0.9658137004689124,0.671989187080346,2.421371483157659,-0.13352681120738497,0.9559245982461378,1.0461372673855933,-0.7889347236385259,0.8366579581362709
377,-0.37853681269846434,0.021609795490046796,0.0169012328037336,-0.5889432960065212,-0.7788796741229853,-0.31445592876492917,0.04215107172704189,-0.4917164997239269,-0.15212588677342548,-0.6706658752474824
378,0.5726558375847854,0.3748285774314336,0.12303057544433371,0.5756463366047351,-0.5052859255150167,1.1637566983802852,0.050366349472833916,-0.35775341405969174,1.083651229026144,-1.0210694717007536
379,0.15007683740337704,0.8407078459303314,-1.0638753738985491,1.3406471737362324,-0.8013097514587914,0.37518044046291893,-1.0465785159217913,-0.12136610400403787,1.8918272173157444,-0.9193167316323202
380,-1.5147051765370398,-1.9255417214318677,-2.0176605545988866,-1.8383910695487788,-0.23414231385461048,-1.2687584696814218,-2.008891366964807,-1.517065405837129,-1.5392984392066387,-1.1338759753342997
381,-0.9793245221635747,-1.1425346032306707,-1.120039251097369,-1.2876143959005064,-0.9060953809173282,-1.0048757831183195,-1.084919730889285,-1.0279591293197199,-1.4154086480311003,-0.7299768016782768
382,-0.28410910524694166,-0.29717029233726583,-0.8444849142090296,-0.13034365086637958,-0.8633365710757913,0.19166900720340452,-0.8356488440189288,-0.822696100779529,-1.1974372803381155,0.09211632258649281
383,1.2755044723904652,0.910975736513559,0.7743209451299281,0.6814769359558528,-1.613881261881619,0.4694641939286234,0.6781331199456839,0.3890255866416628,-0.128179506460619,1.9675017869924873
384,1.0291416169035672,1.1764824308546327,0.39812632850076607,-0.3833655208830528,2.1474675554899534,0.9932015891908261,0.4646626967415626,0.7456738048028589,0.7790349063388883,-1.0502555494703745
385,0.43023712551814536,1.0080649870235177,1.264809217154379,0.9555761155299893,-0.2837717239704445,1.0731161255339583,1.226349580108478,1.3955951184399602,1.095331800717229,1.0467363678602573
386,0.7954086533405202,0.7945861126818978,-1.0821455861436575,1.1812441452343725,-0.5305715834837142,0.6316783232973728,-1.0155234361003755,0.43781634841807443,0.6129379535195587,-0.7877103294511719
387,-0.26465875062155864,-0.8610029210473641,0.04658633718770913,-0.16199797921172449,-0.5306641511578962,-0.9299663635321139,0.08126717168858211,-0.6293928219503437,0.5742103762012626,0.37347340319001865
388,-0.41980414739118044,-0.277567594979738,1.1333974984838144,-0.4243199107580585,1.924491197870359,-0.3293346717200048,1.0982973208543294,0.3818342379612288,-0.5850133314490691,-0.15400880398202377
389,-0.6171444316673971,-0.7763546615893163,-0.9018685769745617,-0.8497687943794145,-0.1324602001751726,0.5244835965560315,-0.8664566090941453,-0.5054385135318142,0.2544555681929791,-1.012038428289869
390,1.2989217765662064,1.7200097708579183,0.8747018240059763,0.9779677007655341,-0.3470027381905179,1.1989670729762936,0.8056261689360071,1.497656405458991,1.1701843196336326,-0.9418812921124257
391,1.170856519513559,1.1353430957514021,0.6242930465339477,-0.18683342315515405,-0.9256381545583446,1.7581426169679149,0.5932631884666244,1.5978869189394365,1.2465997433944613,-0.2306178138437538
392,1.718755624543778,0.3965620103874546,0.637709856894469,1.2325851890832684,-0.7867787718029324,1.137195824958437,0.6220105401935363,0.674080817384474,0.6325309310254802,1.5050563146866045
393,0.7216448914875071,0.5044801061113233,-0.035881640887912784,1.0535018172439747,-0.4816709614553941,0.7962817917185839,0.09183471336956625,1.0951335459620675,0.9201923129001542,-1.2671682082111337
394,-1.4764016879828485,-1.1000259950857125,0.5131745568349704,-1.0542766653079536,-0.934967461361394,-0.02081994137118683,0.46190430597317383,-0.8523191729339977,-0.435653300782521,0.29529198990849165
395,0.36385468009786426,1.0987594430318746,0.7639717063188404,0.5958452646925397,0.6292494776359004,1.4379394006127157,0.749026547383413,0.4564967667946492,0.7282377035789201,0.3742651422608524
396,-0.2835709030118049,-0.7342915765721115,-0.26774458918827615,-0.7063792864036277,-0.5394052653611884,0.17008600864647475,-0.304574557533773,-0.46156335305168933,-0.03894405514489391,0.18750507004310196
397,-0.941237272789143,-0.9688979467634536,-1.336264858264049,-0.8471311014204177,-1.056761429800875,-1.293164718700847,-1.2254222153909697,-0.580956544862309,-1.410638825331034,-1.0816584006766377
398,-0.3183145754837763,0.0006289351598560036,-2.83557676866659,-0.9176723221481522,-0.32756389685177933,-0.9931474966588398,-2.7608965930237535,-1.5353575838519316,-0.24560347892505083,-0.9063253274758866
399,-0.9094446395299342,-0.7356984696336821,-0.43493332683181607,-0.6682406912910603,0.18928604453228723,-0.3218748958907801,-0.46839565237037045,-0.27385604227952226,-0.1295089317905526,-1.793161942581753
400,-1.9500912187779091,-1.4837934439893985,-2.009861543723969,-1.5352572672678721,-0.07368753367707338,-1.9721035241996274,-1.9865504885327732,-1.521892807316636,-0.6629972212208898,-0.17934878450754022
401,-0.8366209625047099,-1.6172749903361028,0.42839979198748285,-0.3853121593805641,2.0195408021156203,-1.3064424454393266,0.4916637551196409,-0.03901973149408168,-2.358435789702299,0.14966800802332003
402,0.636183052382872,1.387605293745813,0.840094987255267,0.6795296034007984,1.150398828806554,-0.19337501006658261,0.8964045815198495,2.090709232047017,-0.20996680066154416,0.17162818732597881
403,1.6540242036537416,1.256697119878381,0.760475611821024,1.3542149540389854,1.1414625962221385,1.5296263298422617,0.7373046714046464,0.8608761714500069,0.9525093867324121,2.2533101753198563
404,0.42508482232321404,0.5753395952203096,0.6510820957990212,0.5723957330520109,-0.2843851977227331,-0.4554201019094227,0.700477841848363,0.8296322648760711,-0.23537919299349266,-0.11257188299547992
405,0.04847147143304062,0.6978353845414975,0.6457199165331036,0.5230963842757571,-1.394726592157791,0.21547407706577307,0.7078800919999726,0.19709283737355424,-0.5952463388889959,-1.0849901294332835
406,-0.04112013322082908,0.04118232012631506,0.369803035025934,0.8288285782213973,-1.0720677327130177,0.004549079277497257,0.4420990583843889,0.03186978806179947,-0.0734741156226782,-1.1182318883432987
407,0.7076662540749183,-0.21237778797428244,0.0024156349515150662,0.7246122198122543,-0.5924124541651107,0.003921830951724753,0.00603000289923473,0.2952940411241669,-0.04661696916181599,-1.1743716013731529
408,-0.05134396391925278,-0.5534009265552975,0.5726793234107892,-0.32782095633043795,1.3805463372370932,-0.7983399209584335,0.501905573604866,1.1896422583731965,-0.39242939486961825,0.5034980070493059
409,0.19136855749885484,0.544450386450204,-1.0598011909503426,-0.3482668128277313,-0.5601360604266258,0.6970465339802171,-1.0599573734949765,-0.1462106892179046,0.13013899313343294,-0.47680833299374165
410,0.4382044358437208,-0.12689632288764016,-0.03304175396455739,0.25589155407499764,-0.07228310729777455,-0.052145218908174855,-0.07090743671869842,-0.24846162472689612,0.11989930440714269,0.7784026396294504
411,-1.6981338774842725,-0.9121482947898496,-0.4711667689831142,-0.513133464676632,-0.6144120575694949,-1.189812980685766,-0.5057507197810767,-1.0218929394148932,-0.9065155714643491,-0.13000657793977216
412,1.8705212714486448,1.2648552862973605,0.9366859419711446,1.4777799965995857,-0.891260252581553,0.7052784064204789,0.9335792673996396,0.634184163736502,1.3603876988834447,-0.028865276723457994
413,-1.2044163585827907,-0.9472323972817742,-0.5661548312617877,-1.3078723221938389,-0.3184395004963675,-0.3709954856664,-0.5072317612524456,-0.7365774203834405,-1.743636303468684,-1.3161132652530916
414,-0.35945208451628763,-0.4378153052368851,0.8093442044715607,0.34957724053497236,-0.4589308787640492,-0.6914386199819803,0.7485545083126132,-1.0648520931792924,-0.33286095679545874,0.6807275249020538
415,2.0176123869053075,1.927220497400238,1.4301320935782038,2.157250728870405,-0.3045829111254213,0.8709787185372352,1.3913569839407904,0.6828328238792161,1.4559895032688184,0.6219552764437802
416,-0.6778028290255629,-1.024913198566962,0.1853690830045546,-0.5658169213383571,1.360951386101001,-1.0961659051780996,0.08565750712382,-0.9655784612949501,-0.533800673024679,0.480395735506315
417,0.8948681679057768,0.5288786230481167,-0.2111441269281342,-0.3959136364447345,1.96114214931329,0.3918328120898276,-0.09661440551628322,0.5168239320606579,0.08922987655617513,-0.541290237264843
418,0.6277517300715261,0.5491632086249052,-0.12926198698436894,0.22479101850104832,-0.5056205670762047,0.35519480937921627,-0.22088117696214649,0.12584217911011827,0.33856549651055695,1.389050538024142
419,0.3372633589052777,0.3267380155444854,0.29285201075777695,0.4207269236006405,-0.6524937535493869,-0.029549051000523862,0.2518044779174992,1.2331513076401714,0.2413704612708361,-0.6789342155442523
420,1.621141668182067,0.9728247700810201,1.0409563338289485,-0.0480377838598974,2.032438234878742,-0.36819804403863654,1.0741098573604948,0.909703237673773,-0.523618834502732,0.03147834018730535
421,-1.2043057458210114,-1.092875398912891,-1.292212255857921,-0.8875441841120806,0.1951258838131642,-1.1360460064323117,-1.2860062660090512,-1.0989360779100839,-0.16229493949859275,-0.1285474140469445
422,-0.9452191856766995,-1.1155404382217613,-0.21779978790005924,-0.5893400517581039,1.1581947212921813,0.265294405053748,-0.22135537047047066,-0.2635380920022408,-0.9351855739880475,0.5180046008500522
423,-0.5711499748670708,0.11478306858871713,1.1079259971252404,0.521704694034473,1.7018677773410404,-0.236021124453351,1.1315309783749143,1.73052095566096,-1.589920260642013,1.6253825821264827
424,-0.34309252786591016,0.04278407452201408,0.2560160586023855,0.3773441342371414,-1.0637136683327018,-1.0766761773549476,0.25594778359578213,0.16183024833102694,-0.2817611461459646,1.4416398399634531
425,-0.28002880610319014,-0.5525583416148544,0.12932255465153505,0.10249899870192776,-0.0996211550417082,-0.11870864873070887,0.08020351968612258,-1.0270169181114799,-0.8148167181055046,-0.16696213740987353
426,0.30661079737972396,1.1572965588729276,1.2687657565110468,0.03951632444468839,1.7539446969387726,0.317416321564547,1.2631998932135422,0.5029971902245326,0.8976904633943578,1.1159090434897248
427,0.09652057434309678,0.7650209593085722,0.48762716292894775,0.13884676771332904,-0.8339612439936267,0.1739686965697927,0.4330444293180444,-0.042259285651191254,-0.5737269141217167,-1.43568168009709
428,0.6499029419134772,-0.5449310865295554,-1.7368739943077651,0.5149308412146419,-0.34043267053643633,0.28922817013916857,-1.6843103524407823,-0.6414868894258774,2.2160288337111345,-0.6035384681536926
429,0.62168906456423,0.35950505670956345,-2.2267314470368516,-0.7774490738886285,-0.5562192059057736,0.07661847761496388,-2.1627985453937644,-0.5454350100351265,2.2062532378276827,-1.312894064836369
430,0.9139035901520057,1.0104186735774812,1.3079110558165454,1.1587417590483509,0.49898732639383014,0.5064086295698234,1.3921644196804208,1.1862983371127247,1.3385426597858907,2.751711115882295
431,-1.0711902591250853,-1.0922399565945167,-0.1739299773440609,-0.6580679104557181,-0.10361470486680094,-0.21142885396738928,-0.16221172188301905,-1.2550479763850746,-0.7375554239575774,-0.4350214831169237
432,0.21816658215953916,-0.07330944890385079,0.7403051908643227,0.33080966762238484,1.1803469129692874,0.7910901372353712,0.7364614853051308,0.16378381065038025,-0.712642412162121,-0.20742448790709062
433,0.8577431301229675,0.5062780323177403,0.28019669529333185,1.2343100064398167,0.18339717812909245,0.10366191972645462,0.2571532412884944,0.24899155908731177,0.7751412467463858,0.8406146058591952
434,-0.6837866184756886,-0.39010592048627796,-0.057532309165084346,0.09423484081785292,0.06716600449250223,0.19323573558868828,-0.13040441510739784,-0.3410942230213461,-1.1722406792516256,0.5903675735788819
435,-0.15363917225162593,0.547607874819782,1.0471902054633337,-0.5898762535454014,2.6180779810894017,0.5140781009879672,1.0031139351266718,-0.009789091150311817,-1.8604294215484092,0.3197260015465371
436,0.9484740791019017,1.5384272881706238,-0.07428582735587458,0.8292491346406016,0.029450486005463784,0.36480304834626276,-0.08162362127855738,0.7319495950699749,1.2883045680341672,-0.9867648108585368
437,-0.9867154990402978,-0.9717721326895951,0.35097813705448133,-0.8027457805110599,0.07692466856720218,0.12836501475086365,0.37660527105089203,-0.11164578913397269,-0.3755466245434751,-0.5687945583063926
438,-1.0519505259279143,-0.8254024972319526,-1.5487975039464799,-1.7077557303567044,-1.1429982918898929,-0.73691657557536,-1.5063965751494601,-2.3459888281841863,-1.4174284665848937,-0.8420699728771938
439,-0.2507571378124952,-0.5664411878893246,-1.0035720847698884,-0.37730627964408364,-0.4540360671640077,-0.2125735701783639,-0.979158474438485,-0.9608872830227684,0.09301727853640115,-0.06918020197149229
440,-0.04056013442762523,-0.15647891678876627,0.18580004033787248,-0.05464709177762155,-0.915254694267843,-0.36187299562386677,0.1664775048308276,-0.5026479987217941,0.23332691844145967,-0.38007808761243034
441,-1.3262733176642854,-1.0199463254968693,-1.9866744866017252,-1.2876822916822526,-0.21936317955363674,-0.9102376629000847,-1.904509829141034,-1.4395866343280264,-0.38368273875100817,-1.8013732589741962
442,0.892296132004305,1.8007372187973725,1.057118363524023,0.9113814322191207,2.162836112144022,0.2475885897934733,1.0982571805348076,1.033947646130885,0.054659651426936136,0.9514456488508694
443,0.344476209683602,0.9263532164127969,0.5838478402199794,0.9563433143471268,-0.41447648205834886,0.6097939920060101,0.4887956952131792,0.811576181059308,0.3691319104957057,1.5953641884379732
444,-0.0040937379077486,-0.33016735980998296,0.04033435650831198,0.09424315211891439,-0.670205461862044,0.2622733034790577,0.06689582792653331,0.4656670788284121,0.09216282419941306,-0.5219682769110364
445,0.17884183592730307,1.5648959207174313,1.1442848465407631,0.4599189312504783,-0.19689714026818156,-0.453607516699508,1.1052915774990208,0.19238993539143193,-0.06102810350608343,-1.612097304671993
446,0.34134308304095234,-0.1777206370552159,0.6543295121222185,-0.3368036570462024,0.07814246149356838,-0.9725906868117234,0.5828191503657189,0.4666015957646828,-1.3642462000393871,0.6358658001672409
447,0.5230788268152369,-0.27223153503265485,1.3136048862543577,-1.04046498494332,0.5124837458141512,0.42590035241041535,1.3235012554454832,0.7322256022846492,0.1148725173968813,-0.26278931647025916
448,0.91678858468876,0.36344505400352495,0.5639320283262309,1.0069054803821926,1.829123181146142,-0.5322628113532829,0.5893619100009007,1.3646291251113019,0.18313985681709558,0.8154373423661099
449,0.815882177200154,0.3152693288874182,0.9446245480034965,1.1134878368204197,0.8064510068537651,-0.6852639566554712,0.9132368309304871,1.6662938076788694,-0.28221521921614257,0.9477201008003374
450,0.0461647655306866,0.7356584515948682,-0.055013695048821316,0.5889370102737298,-1.0528589140543962,-0.18339641634036016,-0.09998889343479056,0.9400601669293536,-0.47782689056286504,1.2269458439175398
451,-1.3855265223081399,-1.17159181353471,-0.20276104582873425,-1.2890354097433705,-0.4186454103150379,-1.0370842740215982,-0.2414270348491687,-1.1484508151152064,-0.8968633093369356,-0.8277598055693295
452,0.18001848686028582,0.7121733474803967,-1.594353969240619,-0.10423577974679432,-0.7917077161012215,0.1549133501455289,-1.5708465557638902,-0.1651214388880456,-0.3277320752577897,-0.8741311259555896
453,1.3615581165776816,1.180498387725084,0.8978445588531686,1.1269489043832561,-1.6674317705521167,1.050850964954929,0.8659879018506795,1.1762575883683704,0.8714111027638459,0.7142047622398773
454,1.4674238878585328,0.2393241660379684,0.2725870582420592,0.8149841112165844,0.3142216446118828,1.7458988292941775,0.2781937015458866,1.628180312528907,0.16731490364467097,-0.26396291611490547
455,-1.8036519395267374,-0.782333368126192,-1.0916786445390745,-1.9526013311426582,-0.13028566552033802,-1.5286328797036672,-1.0896077293075106,-1.5408070910155376,-0.6987743495926615,-1.2835289580546232
456,1.519554366674328,1.2502284025253205,1.2851357713331004,0.7485197358412534,-0.6033594877182935,-5.8826283067066364e-05,1.3109554343450909,0.4910468893685563,0.5587247592438714,1.7890080474135355
457,-0.40524427823815257,-0.06409780136567982,0.2973457938960864,0.12751927658929044,1.2189004558762384,-0.43653986281869794,0.25316617926846324,-0.6934425390688651,-0.998942065554359,0.4777769520267754
458,-0.35497017908655115,0.2489676663202896,0.7875010463405085,-0.12227432412757047,0.4313414265133098,0.006937755156606819,0.7778768587104246,0.6462094062712023,-0.16920565834954593,0.5707878526765015
459,-0.5540520091768376,0.29710068072536755,-0.13621225014893418,0.17632205890535688,-0.20038193205298754,-0.34986133542693504,-0.12571585002147173,-0.07045044901754736,0.9363770618390374,-0.014438248709727325
460,-0.1525977448234224,0.46375410997607014,0.9095899872620031,0.13308016346146948,1.1959232303529876,-0.30996312200518134,0.916946348253269,0.1473712956310827,-0.12780139371510307,1.3301899840022624
461,1.0193477406445188,0.3294720364798344,0.575480451646781,0.5112635466771709,-1.2296466236577315,0.11907868115102298,0.5457473354605993,0.8106276706112205,0.44979634778985983,1.4920921448007878
462,-1.0175092289154193,-0.5908037712643769,-1.5019175750864002,-0.1756152974121547,0.31422861110288436,-0.37038215490678644,-1.5166948965146456,-0.0957796024562635,0.23061821575156144,-0.8606993078086294
463,-1.197547001672754,-1.9032363103736207,-0.005113247645519946,-0.9283715158115824,0.16352455037063365,-0.8423631436853147,0.016924674466549328,-0.14354773719516342,0.04120396308168593,0.7667457622147978
464,-0.1601019465804628,-0.2904944956145881,-0.7392223433119641,-0.5652382289360558,-0.3219612159470461,-0.20899033003648088,-0.8004391633166673,-0.6738316026490105,0.03213379996620272,-1.898937504266587
465,0.8164691112598529,0.8188703404337647,0.2654866418987934,0.5661547209332892,-0.13185533416806386,-0.08624710128193702,0.2686997062460955,1.0486388584117912,0.3371161104502448,1.4874302472791467
466,0.3485577312623725,0.3084272220919311,0.78317861049657,0.3134364414762413,1.4549443521368628,-0.01830426137545657,0.7858085925266179,1.1086980344242217,0.16421572401308437,1.3286913223853611
467,0.10378658493319706,-0.6416425297237044,1.1695582097428383,-0.46528003046599326,-0.6506371006230988,-0.030621291575198266,1.1349936015863422,1.1736558083614883,-0.34568741134788555,-0.067070308779073
468,-1.5260529337078352,-1.4947870805500985,-1.072468284281413,-1.0462365204222448,-0.6480640095476314,-1.3081656159904178,-1.038874359561704,-1.1041937687609158,-2.235254992335933,-0.15693890562868323
469,0.8294978937455745,0.3435081889687191,-0.17855022566797185,1.0309636615448086,0.11595004840479038,0.34499740649578914,-0.24565064525497274,-0.1225973508507609,0.10884261374487815,-0.8427599867847683
470,-0.5325034478776244,-0.6914573250069325,-1.5437959156441823,0.09367010592901097,-1.2738870320321845,-0.06405021922251558,-1.5463309283975175,-0.4217166736687701,-0.293602625280823,-1.6312280061009505
471,0.7235936473383363,0.476510819956964,-0.27158101121200445,0.35391938406096396,-1.071868218048271,-0.47447761561885854,-0.200012580526273,0.16626948323974006,0.6656812273978168,-0.19268812175565445
472,0.8421782505433675,0.5426295572092821,0.33819199473731115,0.9918386503020862,-0.7485870801971882,-0.2913421091174419,0.35856029952628043,-0.4271748658732825,-0.1136800708984901,1.5788396643386495
473,0.23041314335977298,0.44306458392818476,-1.9300184410379095,0.5909086130139336,-0.2146264568323214,-0.46522415072736634,-1.8802858012128354,-0.8440421267347767,-0.2551950735731056,-1.0506204643256893
474,0.08580620609150226,0.23519780731567372,0.7457291062220226,0.2734376565187969,-0.40225617209592474,-0.8001736866838722,0.812773566555596,0.7095015618828782,-0.5586551239326776,-0.7286713428916305
475,-0.32043860386968087,0.3656333758133132,0.32054250124136374,0.23620601838591132,-1.6614678599693586,0.6285220559601911,0.245521914588703,-0.630480800084575,-0.5361201423272451,-0.673169495281937
476,-0.6292300550961267,-0.16032689646565823,-2.180266599567792,-1.1477992641727097,-0.3566543384855828,-1.0052812065570158,-2.142593225290835,-1.5446725800963237,0.9823944687790354,-1.296071387060952
477,-1.387385072906007,-0.5710482493227906,0.5848020808613935,-1.3587476487741859,0.43211873094608905,-0.298048981779808,0.5737155747381399,-1.2625493896597313,-0.6848497120911479,-0.6011638685391744
478,0.3799671287606314,-0.3393052417291959,0.12014106141701518,0.17609610620233576,-0.656685768287344,-0.9577165864186495,0.0965607921495999,-0.08265811269083294,0.43943398345212326,1.4063664782516485
479,-1.3464534744606729,-0.2936866295442709,-0.49574692176822366,-0.48453073717787415,-1.4462245171272616,0.10013104742950008,-0.4246890197876385,-0.8798948126865479,0.14999475445062901,-1.216443364354015
480,-1.1807289734616326,-1.5757413526800252,-1.407187678458974,-1.8985377034160789,-0.7981083480078193,-1.3753664183884615,-1.381465978775129,-2.0579580862902214,-1.2395618882215622,0.06118763363156244
481,0.6850632746163031,1.113087757239599,1.1220632026039552,0.7590851377420669,1.2700763106932142,1.342115190211944,1.218313815785301,0.7708181407722104,0.9462772436970427,0.6073907379752578
482,-0.8879750648213042,-1.3665075689052626,0.4013337331285013,-0.087316397655023,2.0422093026629984,-2.0866664837900593,0.39802771599778486,0.3871618977651493,-1.4540530462646528,0.11891813830937668
483,0.9949535243158477,1.0210770269152525,0.10459155156202324,0.3080101736412416,-0.7114562407574063,0.4818896376340867,0.17545363467679073,0.01199807983855287,1.9772813888501104,0.19907005627508945
484,0.9145781241626324,0.2627942266012046,0.44564296535422276,0.785409855684145,-1.0528272735113975,0.474639085654088,0.45182949111925874,0.9286999422042582,0.10706523986455818,0.020397689288225673
485,-0.644296625239396,-0.4368610743163078,-1.0556886301862434,-0.9606971472150605,-0.6769197812078711,-0.3664434932093798,-1.020900843418646,-0.43122609994749506,-0.5693201713727604,-1.5752898709129766
486,0.8834207859716274,1.3545266554627389,1.058466917324765,1.2257267884077299,-1.2002281317465007,1.3184446494982016,1.0468658401236552,0.28154005953150574,0.8995551920365716,0.5142517040035173
487,0.6329637605979449,0.14541677790233087,0.7272525529028571,-0.11546022819374022,-0.697640037432596,0.22613081191643392,0.8622055007811362,1.292953726554392,0.0809120871968993,-0.16026454764814793
488,-0.8386457880132344,-1.2991979839988392,-0.7901880632862165,-1.2650447063808696,0.18741236837187067,-0.2055140324249537,-0.7316906139784958,-1.3783389986512784,-1.3574694898074784,-1.1462751531572328
489,-0.992598162607747,-0.9372155004544,-0.1432545659909845,-0.16665775562056073,-0.8231264636816813,0.2572513989662826,-0.10217262970509951,-0.4499999822849135,-1.163008478933622,-1.4005095690433842
490,0.21498544897674018,-0.14876318829498847,0.6526723431239301,0.842185778432829,0.13176398549073207,0.4267488315239244,0.5934955322667151,-0.7840456579030287,0.19361498896972548,0.0004880336555747166
491,1.3131446001095135,0.7550804392045509,0.03084688781799841,1.1375751853914189,-1.6944034338893041,0.42474186709091855,-0.009758348488161032,0.7376037230902803,0.2835068853303087,1.4735337539146798
492,-0.32214884239779545,-0.31964250393574417,0.18541423910756158,-0.8603490850721291,1.5104188171420834,0.26644138541251206,0.23208136537229784,-0.6835439765911936,-0.20019872697964913,0.504202854738993
493,-0.1770589537961012,-0.26408750596076896,0.7274172910745602,-0.6665176143190455,-1.2607488810942955,-0.7516577449352289,0.6949944029360642,0.5850181514594289,-0.19243064189509154,-0.3043382951021859
494,0.9396619011799322,0.7071828294587162,-0.35453856988741167,0.8192859469441814,-0.44026351362706123,1.2058409916953914,-0.311982155639403,0.18238170635997739,0.42787347785288177,0.14521237871549672
495,0.1291525442330248,-0.6347106939675866,0.7008049428126215,-1.053214394122957,1.7491190869326378,-0.0655481944480743,0.7188796861075801,0.32222417964785055,-0.6280655329894329,1.266356708918272
496,0.05076331223423805,-0.6471823650040467,1.100686176314482,-0.0685101833165224,-0.2410789342472905,-0.7101972272381064,1.062852005911049,-0.39421969077660474,-1.2494273786910277,-0.33136097357650757
497,-1.9289034490980963,-0.9958033457545801,-1.0639916382728967,-2.093518096885648,-0.6062984059965251,-2.1369855707999066,-1.084873878279088,-1.629113477024962,-1.1306055982268184,-1.4005382754249316
498,1.9580725981408829,1.7968770031870804,0.030498031221551983,1.2160063544966917,0.019547688777704294,0.4884463329274232,0.11245765353760159,0.8573237508266717,0.2037529814337151,0.31814695515816566
499,-0.016523393588075082,0.532097880457606,1.5195480381795323,-0.7889946724037927,-0.9558166096977596,0.05366908906129414,1.7501229852757747,0.41711082045228043,-0.045021115377128135,0.9537121167529774
500,-1.1035608008403235,-1.7354442243900237,-1.9280212523864173,-1.652265647096127,-0.025700686745759777,-2.0256787912617984,-1.8759468423912415,-1.7689897516273945,-2.1697646414800316,-0.15699818437488974
